zero_crossing_rate,chroma_stft_1,chroma_stft_2,chroma_stft_3,chroma_stft_4,chroma_stft_5,chroma_stft_6,chroma_stft_7,chroma_stft_8,chroma_stft_9,chroma_stft_10,chroma_stft_11,chroma_stft_12,mfcc_1_mean,mfcc_2_mean,mfcc_3_mean,mfcc_4_mean,mfcc_5_mean,mfcc_6_mean,mfcc_7_mean,mfcc_8_mean,mfcc_9_mean,mfcc_10_mean,mfcc_11_mean,mfcc_12_mean,mfcc_13_mean,mfcc_14_mean,mfcc_15_mean,mfcc_16_mean,mfcc_17_mean,mfcc_18_mean,mfcc_19_mean,mfcc_20_mean,mfcc_1_delta,mfcc_2_delta,mfcc_3_delta,mfcc_4_delta,mfcc_5_delta,mfcc_6_delta,mfcc_7_delta,mfcc_8_delta,mfcc_9_delta,mfcc_10_delta,mfcc_11_delta,mfcc_12_delta,mfcc_13_delta,mfcc_14_delta,mfcc_15_delta,mfcc_16_delta,mfcc_17_delta,mfcc_18_delta,mfcc_19_delta,mfcc_20_delta,mfcc_1_delta2,mfcc_2_delta2,mfcc_3_delta2,mfcc_4_delta2,mfcc_5_delta2,mfcc_6_delta2,mfcc_7_delta2,mfcc_8_delta2,mfcc_9_delta2,mfcc_10_delta2,mfcc_11_delta2,mfcc_12_delta2,mfcc_13_delta2,mfcc_14_delta2,mfcc_15_delta2,mfcc_16_delta2,mfcc_17_delta2,mfcc_18_delta2,mfcc_19_delta2,mfcc_20_delta2,rmse,spectral_centroid,spectral_bandwidth,spectral_contrast_1,spectral_contrast_2,spectral_contrast_3,spectral_contrast_4,spectral_contrast_5,spectral_contrast_6,spectral_contrast_7,spectral_rolloff,tonnetz_1,tonnetz_2,tonnetz_3,tonnetz_4,tonnetz_5,tonnetz_6,label
0.0755688790622884,0.2837014198303222,0.2930574417114258,0.2739841639995575,0.2976899743080139,0.318693071603775,0.3440222442150116,0.4171756207942962,0.4355481266975403,0.4110412001609802,0.3716959655284881,0.3561396896839142,0.3201726078987121,-313.1375732421875,137.57150268554688,-6.6725945472717285,16.396150588989258,-11.446232795715332,3.3386244773864746,-29.231273651123047,-3.793884754180908,-14.085705757141112,-23.598648071289062,-7.816262245178223,-4.682919502258301,-9.567008018493652,-10.216753959655762,-3.1642985343933105,-7.305689811706543,-1.4788645505905151,-8.26439380645752,-8.549367904663086,-5.920761585235596,0.0584193840622901,0.0287170205265283,-0.0111916940659284,0.0016883134376257,0.0025671285111457,-0.0021787672303617,-0.0145415430888533,0.0023493214976042,0.0092005832120776,-0.0076701655052602,-0.0055378363467752,0.0002093905932269,0.0075088674202561,-0.000940388708841,-0.0086492449045181,-0.0034237010404467,0.0012033336097374,0.0027867145836353,-0.0044907890260219,3.0088845051068347e-06,-0.1034107282757759,-0.0592318512499332,0.0130769750103354,0.0030293241143226,-0.0058812559582293,-0.004816684871912,0.0134777631610631,0.0109776388853788,0.0074193989858031,0.0059893899597227,0.006359233520925,0.0010630243923515,0.0010147023713216,0.0012822868302464,0.0028240366373211,0.0078090508468449,-0.0003876097034662,0.0046393889933824,0.0021011470817029,0.0020998753607273,0.0690560638904571,2574.8779209664663,2484.8933386845124,19.849462584104018,15.375644639438272,18.02324213761547,17.794422946260717,18.913600488532317,27.964474230404317,54.8635238578668,4358.9063888477485,-0.0263957349963059,-0.0434252690544119,-0.0113073454635565,-0.0452728720962594,-0.0071185862479601,0.0177777365074914,0
0.0506005722075013,0.2802648320893548,0.3130464693696032,0.23918713506730743,0.3006326472995385,0.32287360556601424,0.3375783999384575,0.4019466952567713,0.43460149064122744,0.4020706985074126,0.36400688247005786,0.3799215155759258,0.32286567252667364,-313.15781573354883,137.5957649973655,-6.67967827715586,16.367123903296555,-11.448280609094287,3.33739821620839,-29.22148244709656,-3.767297801610593,-14.11887957305485,-23.62058240878032,-7.8059527399374495,-4.686558042113313,-9.567500021298226,-10.228092138992553,-3.190652792033184,-7.295095676562392,-1.5056227024039452,-8.237542706671444,-8.537483054419924,-5.927384944998955,0.04259370800765157,0.039562206568017184,-0.03393848109293099,0.00298008739969856,0.009742765273962138,0.014012831212294737,-0.000432220286458649,-0.010817262905180218,0.008990098923807309,0.0008727722447172976,0.02709474793195184,-0.02878444336471735,0.0024559920424783747,0.004774496792994709,0.0009496361014935933,-0.01690611322309748,-0.028937579258849027,-0.004985801008574795,0.041847637574697207,0.007517746167525179,-0.0817016557179912,-0.07900272391564636,0.018793114035176733,0.02602266776585806,0.04458014366546213,-0.04098221092460654,0.029903289008700124,0.013911320298376197,0.015985285305302844,0.002810991897875938,-0.009483611087196444,-0.022705947767003527,0.012470906060494889,-0.009620610553784166,0.01977956058749454,0.0031100060834651716,-0.021947706224134493,-0.01577289191463472,0.01658283315018301,-0.03858667436978277,0.0760678063865049,2574.8821355132727,2484.8520031948688,19.84008471438851,15.360960240234371,18.005751315981026,17.809336819116137,18.916786319516874,27.955188898896314,54.86614682956773,4358.88539392527,-0.04181700753977029,-0.03552579127537488,0.0063044225623131184,-0.0685353725578596,-0.0034730340063404094,0.010704746361745432,0
0.0505045572916666,0.3851462602615356,0.3424257636070251,0.2997216582298279,0.2564132213592529,0.2515492439270019,0.2835518419742584,0.3711577653884887,0.5515428185462952,0.5836977362632751,0.4454395174980163,0.3902465403079986,0.3837437927722931,-318.42633056640625,152.22808837890625,-2.1747477054595947,29.16678047180176,7.269396781921387,-3.562683582305908,-9.63748836517334,-14.022358894348145,-6.593406677246094,-2.0565977096557617,-17.126272201538086,-16.438596725463867,-5.746337413787842,-11.249924659729004,-2.8863348960876465,-4.187239170074463,-5.613261222839356,3.729647636413574,1.9927505254745483,-8.183573722839355,0.0318396799266338,0.0269353557378053,-0.0085203191265463,-0.0068361447192728,0.0099460296332836,0.0055459011346101,0.0017723647179082,-0.0074838558211922,-0.005322431679815,-0.0005124825402162,-0.0060166358016431,-0.0056743947789072,-0.003002310404554,0.0056201666593551,0.0042860000394284,-0.0024611863773316,-0.0018841851269826,-0.0064632892608642,-0.0039927726611495,-0.000188614212675,-0.071455679833889,-0.0143120344728231,0.0461477860808372,-0.0093385316431522,-0.0168247390538454,0.0022895860020071,0.0054498156532645,0.0110396137461066,0.0003858904819935,-0.0042889690957963,0.0064853089861571,0.0075577571988105,-0.0004282054142095,-0.0060212719254195,-0.0040848813951015,0.0033461672719568,0.0030508851632475,-0.0013148279394954,-0.002296440070495,-0.0025165586266666,0.057873573154211,1856.5334435075367,2130.1475228701006,22.80245267074702,13.08935204532621,18.173247491891598,17.068720046687414,17.857478717560273,20.329997333487945,53.39583260903235,3344.430601058468,-0.0312372313950738,-0.0384973983777911,-0.0240660350261538,0.0056533817795193,-0.0104990309794755,-0.0213180295014578,0
0.05592170953357856,0.3674348328664195,0.33967539301617966,0.2673350250499523,0.2503801336648344,0.27522144803667525,0.2879507072386753,0.3851984262196817,0.5455183534604636,0.5898760737735809,0.43187051881103805,0.42957542819912586,0.386074485687265,-318.43868975270794,152.21700588587902,-2.1564684954350892,29.176576897965347,7.272886921360862,-3.541195407550996,-9.631489340781954,-14.026028356604046,-6.60085352231679,-2.0828681193491887,-17.12182662923853,-16.438103526183166,-5.713260220221708,-11.25471837839841,-2.9297780987454773,-4.174598279894185,-5.622127260494158,3.6996578892136966,2.027467798523297,-8.195654895500276,0.05245864409884564,-0.004612390836026322,-0.05698859424411088,-0.014110804345048564,-0.01032414967915147,-0.008030086912786208,-0.004933094173800092,-0.005239985757335173,-0.0006158954915599993,0.007270924107390904,-0.02930966885854977,0.03313372777177466,-0.004724552784739786,0.013626792957007406,-0.006985142801205001,0.011041139168615152,-0.04693183419229621,-0.02058705393953048,-0.026503179601235063,0.0014651328428360215,-0.08698550779808623,-0.017395396158083047,0.03213947888254175,0.0007991890672047891,-0.0026671619230461095,-0.03707243859383182,-0.014685154193608252,-0.0033448870784530856,0.020174426870697437,0.026574906047486066,-0.019196075444066898,0.0062669963604738785,-0.010783327120022704,0.0004687250163069451,-0.06300129204064256,0.03480680242331767,-0.04164703027716181,0.01652366140892869,0.044975162783301166,-0.008272222186723459,0.04459992262896482,1856.551276045383,2130.1421521797274,22.77281215991317,13.078460962268922,18.194043251474582,17.048987990159166,17.855990712530662,20.307196904042375,53.38976258203972,3344.4623532662436,-0.008943232480497575,-0.06146026223609859,-0.008375122708736197,0.0032422419206824507,0.021603063631879034,-0.017065019633974016,0
0.0616359435405927,0.4360577166080475,0.3924983143806457,0.3789627254009247,0.4364053010940552,0.4837721586227417,0.4101241827011108,0.3445435464382171,0.3465887606143951,0.4420967400074005,0.5434904098510742,0.5662128329277039,0.5174047946929932,-398.0450134277344,143.49452209472656,1.842291116714477,24.96353912353516,4.690291404724121,17.430444717407227,-8.806578636169434,-5.808464527130127,-4.763723373413086,-6.640564918518066,-6.34482479095459,-8.9556303024292,-10.250835418701172,-12.01266384124756,-2.816536426544189,-1.6663628816604614,-0.7013679146766663,-2.403381824493408,-4.624236583709717,-7.2976460456848145,0.0019991057924926,-0.0156684555113315,-0.0065695182420313,0.0116413217037916,6.0573067457880825e-05,-0.0013547946000471,-0.0025410417001694,0.0009887012420222,-0.0010684583103284,-0.000221623093239,0.0040915375575423,-0.0008747115498408,-0.000386521249311,-0.0032049543224275,-0.0033730885479599,0.0011626803316175,-0.0012343192938715,-0.0045749950222671,5.637247522827238e-05,0.0029340418986976,-0.0615011230111122,-0.0229977499693632,0.0052280626259744,-0.0182119756937026,0.0003875705297105,0.0010599718661978,0.0024865726009011,-0.0010387448128312,-0.0024838936515152,0.0021984081249684,0.0003592151333577,0.0021624530199915,-0.0009472332312725,-0.0020651256199926,-0.0026305909268558,-0.0023348866961896,0.0024500943254679,0.0055687697604298,0.0001580943790031,0.0003407121985219,0.0249207597225904,2354.607577628697,2803.479050409524,18.29224751076811,10.798463095146088,14.844106712624228,16.10589006219046,16.895186711903715,20.68293651517876,54.865596609240384,4709.64451111469,0.0012145063054982,-0.0153948842922451,-0.0441041089308727,0.0056523810652051,0.0028262297001533,0.0049240932111585,0
0.1099292389783637,0.4347059755228091,0.40499793974253445,0.39221991880829576,0.436676374635653,0.46717331277191776,0.40175688559112654,0.31940645423127506,0.35318813959578027,0.4411481432384543,0.5416568907517475,0.5774520454404096,0.5631321422829928,-398.03661079368044,143.52046670345828,1.8136929879538775,24.933988422605584,4.690896208717336,17.4705197805251,-8.799164449486076,-5.796073208927852,-4.756391018622728,-6.637164968099455,-6.336797443558799,-8.957612109743591,-10.246020549171028,-11.995621020874918,-2.8024403024856475,-1.665549516310268,-0.7039184915434429,-2.3721986477513077,-4.639767531741484,-7.275575408585355,0.030945884681422918,-0.004464407235211342,-0.0164660673737343,-0.011056475980587276,-0.011505419494748493,-0.025074538429381392,0.009982418327343787,-0.01072900799056437,-0.022950438099438523,-0.0015140164362436237,-0.0016379934240614335,-0.004091393281026027,-0.011717134687879226,-0.0036179362842394154,-0.011081018840962575,0.007722552416658337,0.042261252226579026,0.004260960843957084,-0.03983181405491636,-0.00897788466309258,-0.067467553105299,-0.03477661193233075,0.00724931628855548,-0.03158467912989549,0.03670723346855887,-0.02359358169406572,-0.023090252863159286,-0.008449704045604597,0.00036782063549662064,-0.009054144525307662,0.007035913043724767,0.008597844565499873,0.012735545514286033,-0.02385152391322482,0.025515469520680192,-0.026282507770946383,0.019699082809305532,0.013715880821443592,0.014667815913283472,-0.02871864107669597,0.02065471746207885,2354.6233956545434,2803.4925538175617,18.295441018634826,10.77280345927044,14.841452857533294,16.112724972552066,16.878235891279704,20.691029481615946,54.871983052356185,4709.664630252869,-0.012719087648351512,-0.007703458754962096,-0.04539820912570187,-0.009319839604265651,0.015697747028352613,-0.015028803943134267,0
0.0527861060165777,0.3471556007862091,0.3492605686187744,0.3268233239650726,0.2993377149105072,0.3268596231937408,0.4197736978530884,0.4794474840164184,0.504935085773468,0.4310791790485382,0.3665117025375366,0.3510262668132782,0.3585887551307678,-367.0577697753906,133.5849151611328,-2.00661849975586,18.70820999145508,4.13516092300415,-0.0060329902917146,-11.534957885742188,-12.322021484375,-11.596620559692385,-9.76429557800293,-3.970767974853516,-16.403535842895508,-12.248724937438965,-3.0798463821411133,-5.96969747543335,-5.413858413696289,-0.4631420373916626,-1.1829686164855957,-6.2891130447387695,-8.33195686340332,0.0528278946876525,0.0376362614333629,-0.0104040456935763,-0.0108305672183632,0.0019223835552111,0.0049351742491126,0.0026648081839084,-0.0039997608400881,-0.0057270601391792,-0.0028352956287562,-0.0003901102172676,0.0015775422798469,0.0015191399725154,-0.0028525053057819,-0.0065981191582977,-0.0012193224392831,0.0031229178421199,0.002980122808367,0.0051906481385231,0.0053956131450831,-0.021991241723299,-0.0274812821298837,-0.0098914457485079,0.0069842613302171,0.0049370089545845,-0.0017332540592178,-0.0028155881445854,-0.0018782864790409,-0.0023201287258416,-0.0010341882007196,-0.0004404574283398,-0.0018592197448015,0.0014271672116592,0.0046428106725215,0.0053659407421946,0.0025484149809926,-0.0070907482877373,-0.0104621024802327,-0.00078493100591,0.0047316262498497,0.0367388315498828,2091.425169899981,2416.4259075253863,19.696584030765013,13.951137300223088,17.339756846991094,17.05055442995812,17.288745721682222,22.564324831782177,54.12317538364965,3831.350968523723,-0.0011316482590904,-0.0164850800041203,0.0151729022675166,-0.0783963381847305,-0.0076856614610315,0.0007745690514062,0
0.030541719556519673,0.3381232219720848,0.35506062835645624,0.32318658821406276,0.25976014305557477,0.32816818675381554,0.3861878191928107,0.47488072121722985,0.4858782198268724,0.4478892573098765,0.3725333288781483,0.3392685129165747,0.3788967295463923,-367.03454122446203,133.60814624400442,-2.012303209918099,18.69435240675289,4.091910961567485,-0.021962579453237957,-11.54114566139822,-12.315113266084118,-11.559509900253117,-9.755446967548849,-3.98765298806387,-16.382422300075696,-12.250537025901092,-3.077602999955696,-5.937028111962228,-5.447795824993776,-0.4286630904590391,-1.152338755235956,-6.297496866572582,-8.373590276450194,0.049928275204403086,0.028222054507285904,-0.013448040244833839,-0.0054440772824862664,-0.010152220563340864,-0.02281527388209685,0.02281068517707488,-0.013268593167700186,0.0070240405565023395,0.011142678564341965,-0.015016016179667161,-0.004484157304026657,0.006810954269816158,0.0013097635116259472,-0.029141414113239103,0.004656549945253217,0.004485627560829335,-0.016542585748014697,0.011839352207272103,0.01197351057327553,-0.02821942331324894,-0.013364679437745197,0.021705597529865776,0.020121262357994274,0.03024125660442374,-0.026780820393507196,0.0018052877942921148,0.011952195071188863,0.028193898532494075,-0.002769455211598627,-0.010393353265003966,-0.007077167214791092,0.016102232605390503,0.025909945460283978,-0.0003997366307983176,-0.02833461484871118,-0.03171673348527172,0.002120900484565218,0.008898489045815087,0.006072038965381097,0.04190447248828487,2091.419301749752,2416.418812504319,19.68416698392622,13.947078139282546,17.340658092384917,17.034046369024157,17.288875823113905,22.543389918172675,54.13661888536185,3831.3570338798368,0.016225260139198047,-0.023401120368214557,0.02850902625729198,-0.08118192965408016,-0.0009151359198981803,-0.01578006962463828,0
0.0701346048494664,0.3843307495117187,0.3384861052036285,0.2884837687015533,0.2729789614677429,0.3289733827114105,0.4306259155273437,0.4857633113861084,0.5288531184196472,0.5375542640686035,0.5298579335212708,0.5071616172790527,0.4435037672519684,-341.4549865722656,134.63783264160156,-1.5054941177368164,37.02678298950195,1.1593505144119265,4.7264251708984375,10.332199096679688,-10.22774600982666,-15.182063102722168,0.8691865801811218,-10.526459693908691,-11.809670448303224,-11.181829452514648,-8.355965614318848,-2.5081796646118164,-5.584134578704834,-6.930166244506836,-2.999434471130371,2.4608683586120605,-3.540705919265747,0.0270913746207952,-0.0016432971460744,-0.0228721871972084,0.0039094542153179,0.0032583372667431,-0.0010206887964159,0.0003287501458544,0.0027074988465756,0.0070273280143737,-0.0015421665739268,-0.0018877721158787,0.0094932252541184,0.0065695471130311,-0.0008555054664611,0.0040626185946166,0.0037669287994503,-0.0030900007113814,-0.0037111167330294,0.0021825078874826,0.0089386934414505,-0.1150934994220733,-0.0494554229080677,0.0218063481152057,-0.0121421702206134,-0.0004287187766749,-0.0087358374148607,-0.0104634277522563,-0.0072631575167179,-0.0052118403837084,0.004154575522989,0.0059446305967867,-4.420193363330327e-05,-0.0012809867039322,0.0055134948343038,0.0017623075982555,0.0025129381101578,0.0027029940392822,0.001944244839251,0.0008155170944519,-0.0056024156510829,0.0413578562438488,2404.5258617703184,2604.4905853439827,20.257216735209155,12.186266690654769,16.702168084941512,15.173694601839223,18.19073202686516,18.53713697461176,54.93402655451189,4554.2724609375,0.013504802446885,0.0091281955233475,0.0147671912095462,-0.0440593229790599,0.0056711209886798,-0.0016082486886815,0
0.07046169770730876,0.3763618095727427,0.32679166927580106,0.300188210584036,0.2767488051090516,0.3235649685744703,0.4153375115685242,0.4914484065665479,0.5309173607088478,0.5621802954611357,0.5316076138517978,0.5263524997366034,0.4306052160857262,-341.4569666145106,134.68481716277049,-1.515555666912991,37.02195904686849,1.1426531118333612,4.714724112169477,10.348382353245807,-10.24774678572107,-15.216817352840321,0.868583763182412,-10.542633453690959,-11.76682664541549,-11.183276935154964,-8.337002371158892,-2.527551130380566,-5.5747120187135835,-6.934286755620327,-3.0379798789884487,2.4983885232672507,-3.522089464430139,0.06779060729890399,0.02696817688123847,-0.04111441847422859,0.017492068111994313,0.007528832837128363,0.020587947600232356,0.0032666459764766984,0.01268349489748969,-0.014066130109895245,-0.0048146066528907995,-0.007886432572634959,0.00863614848939011,0.036750785874602024,0.007105634797811202,-0.00721315731501638,-0.007630808154613061,-0.023009953799324172,-0.010042776428935063,0.004890479989774778,0.01954251861663637,-0.13534679671109084,-0.04709050475193485,0.015411074784963893,-0.009722855458254723,0.01531081093088248,-0.009320962470901167,-0.045411908604283305,0.003889283565478404,0.05446106226290642,0.03241542238410923,0.028447630001874506,-0.01270222266749732,0.009526988894295475,0.011442173695939608,0.012403305283668066,0.0012451868746777518,0.0475331591232325,0.05241095113915441,-0.008800954054822476,-0.028186349739614154,0.03822978939439257,2404.5234319851274,2604.4781704563457,20.256540432042836,12.152639293303821,16.70449010616605,15.15739202515898,18.224527034666522,18.516687860095033,54.90662698844964,4554.283191956678,0.029161958396050187,-0.0015559174335410975,0.008889532099081086,-0.03996190385294675,-0.014822374698180884,0.01522925367353559,0
0.0514765402210076,0.2755624949932098,0.2792979180812835,0.2793896794319153,0.2358563542366027,0.213556170463562,0.2738555669784546,0.3616296947002411,0.3961655795574188,0.3994516134262085,0.3948115408420563,0.3711767196655273,0.3154271245002746,-338.1220397949219,128.52999877929688,-3.793954610824585,13.13089656829834,12.364306449890137,0.1156790256500244,-18.66808319091797,-21.62550544738769,-19.55246925354004,-11.747418403625488,-14.597314834594728,-11.79605484008789,-8.485522270202637,-10.072386741638184,-4.842994213104248,-5.372592449188232,-1.300783395767212,0.7703381180763245,-3.3896892070770264,-6.469163417816162,0.0268109980970621,0.0047879335470497,-0.0119674708694219,0.0033517323900014,-3.407361145946197e-05,-0.0003593980218283,-0.0001042418007273,0.0014518935931846,0.0036730095744132,0.0002376165939494,0.0011558738769963,0.002056784229353,-0.000969449232798,0.0028032700065523,0.0014895612839609,-0.0024819169193506,0.0031944718211889,0.0063521694391965,0.0026960826944559,-0.0021182405762374,-0.0865653380751609,-0.0380494259297847,0.02022235840559,-0.0027851276099681,-0.0063665579073131,-0.0036479861009866,0.00776680232957,0.004490319173783,0.0061717415228486,0.0114842066541314,0.0033160084858536,-0.001493104849942,0.010147102177143,0.0046196687035262,-0.0032973231282085,0.0025419825688004,0.0030733107123523,0.0033332288730889,-0.0053050857968628,-0.002871302422136,0.0603940486907959,2052.8663649551645,2377.627550458415,18.95165213462668,14.375463468170508,19.347621057177925,17.130498160493122,17.616721470570184,22.33013819736302,53.33992448931333,3734.891779794439,0.0045056117918794,-0.0043834429275044,0.00376334437206,-0.0344437880953391,-0.0101848259102036,-0.0013615525163955,0
0.06682140349093524,0.31072561769993534,0.3080182926169202,0.2500492791621654,0.2385753215551132,0.2374222708117428,0.3037884648804017,0.3579344608705139,0.4119414950216459,0.382507190845977,0.3900313100344227,0.3608194684736174,0.30504264970246864,-338.1112072462546,128.51421522450852,-3.77437766108316,13.093136707902293,12.389312057583856,0.09932275644926705,-18.666138581502434,-21.613785873607764,-19.565382694586727,-11.766075360876245,-14.628809264004662,-11.781937354282137,-8.503260143045292,-10.070555328308824,-4.8610011837691705,-5.349793068410847,-1.2917699650864252,0.7567326135785334,-3.3976301345112763,-6.443219900093609,0.010755899115656494,0.004639772374375491,-0.006173072045292233,0.021088559328511232,-0.01006308787854757,0.003533892343079466,0.005519262015581879,-0.0005064491700521208,0.02813028531213758,0.015376717672640863,0.01635836549659258,0.027854262929282704,0.005629587716283482,-0.005231760955792525,0.019022628573021484,-0.009329442087846087,0.0018749671115929432,0.024399878893707247,-0.0042438657218569,-0.026118841034472463,-0.098690350362852,-0.05013343153323278,0.02723321943036107,-0.030274325199787934,-0.0020363479554257108,-0.03175853224182419,0.011623355337280383,-0.013442745641716167,-0.016756764517909695,0.015025792254601794,0.00683620583551574,0.0035428897916081658,0.01510630081266088,0.013855136695674647,-0.027436794039920085,0.020714421857162893,0.036665120285621,-0.013634318249641446,-0.03124588691334315,-0.005283184243614831,0.05065037924271827,2052.862020361898,2377.6522031727113,18.95105866734667,14.374191550386087,19.33946483165469,17.121671725630115,17.63409024146186,22.308938644784977,53.3653428291578,3734.902296402508,0.016660246743619607,-0.010593379248755207,0.004591713351563732,-0.030128206258116234,-0.02743262523372131,0.01708241898135906,0
0.0557355102621375,0.4162588119506836,0.3368341326713562,0.2882364988327026,0.2877393066883087,0.3645955920219421,0.4737288355827331,0.4290235638618469,0.3331837654113769,0.3138351738452911,0.3846533000469208,0.5254446864128113,0.5223029851913452,-369.0041198730469,155.66616821289062,-5.537997245788574,26.547143936157227,12.92600154876709,2.939693689346313,-8.565131187438965,-8.366040229797363,-17.291160583496094,-7.006174564361572,-8.050265312194824,-12.959282875061035,-9.880576133728027,-4.383697509765625,-3.9669556617736816,-6.679834842681885,0.5569837689399719,-3.4391324520111084,-0.4913828372955322,-2.594703435897827,0.1485643684864044,0.0966375917196273,-0.0437016263604164,-0.0336588397622108,-0.0010913970181718,-0.0037670419551432,0.0001955231709871,-0.0034896351862698,-0.0029086810536682,-0.0001642358402023,-0.011959814466536,-0.0120633617043495,-0.0028434889391064,-0.0064990879036486,-0.0049414518289268,-0.0024137925356626,-0.0046166558749973,0.0021877591498196,0.0027228842955082,0.0033536422997713,-0.0142364064231514,-0.00516296364367,0.0015929312212392,-0.0160646103322505,-0.0099777905270457,0.0010356507264077,0.003952506929636,0.0112779149785637,0.0010030351113528,-0.0011809871066361,0.0003046155034098,-0.0011906658764928,0.0039556683041155,-0.0043303365819156,-0.0053863348439335,0.0042217653244733,0.0040585109964013,-0.0002326696849195,-0.003213804680854,-0.0047115255147218,0.0392017513513565,1998.445117271793,2312.2602785430586,19.74570150958123,11.90834276510532,16.350174747589588,16.362488997531397,16.983737902651963,22.3145159145493,52.63824220788441,3595.39152056642,-0.0099706224784047,-0.0067371551456468,0.0108292104386857,-0.0805705071069597,-0.0080555993234206,-0.023995692895952,0
0.02877461467341711,0.4463328351749464,0.29080305554800684,0.2826646531951153,0.30372823400707566,0.38433107164575453,0.46474778881917367,0.4480789821545611,0.3444672260053642,0.3184601119452206,0.4006126199182432,0.5047416514359733,0.562343175054234,-369.02867360881396,155.6296259041499,-5.52630580224615,26.57934435506054,12.920950900430357,2.9434329612018133,-8.583694121581798,-8.351780485787817,-17.27618536334571,-6.981980984052685,-8.067774422317987,-12.926551215109642,-9.87992137661102,-4.362688809695671,-3.9561671086171155,-6.661253452589016,0.5703916634649449,-3.4466398754084975,-0.46809200926127587,-2.5820516546410754,0.14372535961279706,0.06854001939537677,-0.05901476021146124,-0.06338393493610375,-0.03010954464170581,0.00020726524438381385,0.0012709773941261492,0.008406550262713681,-0.025730513557385898,8.194520872429107e-05,0.012203772132133,-0.030100310579787102,-0.03812843786483609,-0.001321385885230981,-0.006690094596735369,0.001957220425607196,-0.009102661340767332,-0.017380454877353756,0.02189091657043314,-0.030569848710537476,-0.024694831416112284,0.02032457935023066,-0.011903662153183673,-0.011370508665521382,-0.0006172311813839679,-0.008318546243554372,-0.0046959572151857275,0.039882803340651835,0.009794404562285327,-0.0059516870811781785,-0.01063054495639108,-0.013020455990703703,-0.021519627698104945,-0.033913795908089545,0.0006391832872331762,-0.008093174521563874,0.012289912852303284,0.008060975369018966,-0.005824210648036799,-0.012458224248381541,0.07030507403915254,1998.442286871195,2312.3100548172224,19.76187747864848,11.894012145747322,16.33380868108569,16.360560919023786,16.975261115679892,22.290424647164883,52.63406181940545,3595.3838883030044,-0.049584569026737385,0.012187848140725181,0.026270727044731216,-0.11437255338359886,-0.0067786389422017975,-0.04195260706498689,0
0.0533928595502588,0.3725853562355041,0.3260675370693207,0.2965480387210846,0.2985627949237823,0.3197381794452667,0.3460122048854828,0.3497742116451263,0.3834687173366546,0.4456531107425689,0.4573593735694885,0.4223702549934387,0.4109485745429992,-294.5835876464844,157.3221435546875,-7.697323799133301,24.29084587097168,9.67307472229004,-2.351478815078736,-3.803163290023804,1.34891939163208,-23.937744140625,-24.08021545410156,-1.5888957977294922,-13.715153694152832,-21.403881072998047,-10.843255996704102,-4.329427719116211,-3.2435104846954346,-9.63634967803955,-5.801137447357178,2.095794439315796,-5.3146514892578125,0.1498613357543945,0.085961528122425,-0.013739425688982,0.0221908632665872,0.0110452687367796,0.0178423300385475,0.0168292503803968,-0.0127648673951625,-0.0083192680031061,-0.0039177993312478,0.0007388310041278,-0.0118530848994851,-0.0232343468815088,0.0005001383833587,0.0051034912467002,-0.0051709371618926,0.0057035945355892,0.0096890153363347,0.0098276128992438,0.0044177649542689,-0.0852041989564895,-0.0438571870326995,0.0220405273139476,0.0067096292041242,0.0050077117048203,-0.0018996039871126,0.0021841798443347,0.0073129762895405,0.0022960766218602,0.0021159935276955,-0.0052349250763654,-0.0032005137763917,0.0015181014314293,0.0002375751646468,-0.0069917985238134,-0.0046637943014502,0.0059711663052439,-0.0008372408919967,-0.0071470476686954,0.0004898166516795,0.0909696444869041,1862.5524013000088,2046.1261425919197,21.588522035614627,13.028580713369074,18.28955517860112,15.888008434755813,18.94331158841237,24.586685928630686,52.002948850670215,3416.1432774751943,-0.0164409524365401,0.0025765708864948,-0.0025930821452038,0.0102168272028015,-0.0060905099222989,-0.003859755870379,0
0.06763123312127271,0.4045965356851413,0.34963958056380706,0.2480068137506435,0.29836692301027906,0.3182145590209476,0.3228985378739569,0.3485525960558778,0.4227747194070137,0.4762263282673157,0.5120561404455283,0.4097260357203498,0.4104373951972084,-294.5816591021583,157.33942038959063,-7.692314273749079,24.274773755745528,9.722659741629668,-2.359727756717601,-3.8096872851247072,1.3420995192969556,-23.928702650044073,-24.067919101057065,-1.5815901116847824,-13.755389650902638,-21.41766949231879,-10.829539940665583,-4.337032450238542,-3.2315362308170945,-9.639521587638614,-5.802000820995503,2.0881154289693953,-5.342428906347244,0.15105799294578057,0.09292241234502184,-0.0071036407224787795,0.012537450094911057,-0.023940411716078636,0.013241202104387069,-0.013341507320688381,-0.01777772517257962,0.007854196582240226,-0.0009944189369708915,-0.013651181818884533,-0.010309685719984751,0.0015869865692729433,0.02761912951747326,0.008881945658599292,-0.027957588900432682,0.016001838223772605,0.05166979318600577,0.025561602667635932,0.002207499674240648,-0.06717936947796511,-0.013887063798437155,0.03396973369718509,-0.05257929195619441,0.03178313980680675,-0.005789583913507826,0.01855440284950437,-0.02034054976270642,0.054264020177322625,-0.013152172093181771,-0.02703428022313207,0.0070880675558139886,-0.02837277239656644,-0.007345523957965162,-0.0028408831790822106,0.0019072139095672822,-0.024958758634456648,-0.01121932591852824,-0.016243624272793567,-0.004233891414464692,0.07704035697598821,1862.5652664684285,2046.111427957634,21.56688104571018,13.012818592751199,18.328337555357642,15.86679023369432,18.929124347418732,24.617555471700705,51.989991083209205,3416.145840671925,0.007739151840365482,-0.01652331118136953,-0.002977782278174027,0.013768994942985899,0.020681822978639866,-0.056234060107432406,0
0.0515572516794625,0.2986824810504913,0.4103713035583496,0.3516305387020111,0.3153083324432373,0.3483398258686065,0.4546376764774322,0.506556510925293,0.4328851103782654,0.3154097497463226,0.2463306039571762,0.2033732235431671,0.2092550843954086,-345.79248046875,139.03515625,0.3427228331565857,19.95707321166992,4.625927448272705,-10.271746635437012,-15.863638877868652,-9.18080997467041,-13.675079345703123,-10.900691032409668,-7.9707255363464355,-3.3217661380767822,-4.278598308563232,-8.890488624572754,-0.342799425125122,-3.945986270904541,-2.257598876953125,-4.161566734313965,-6.636630535125732,-4.269619464874268,0.0071827452629804,0.0161712560802698,0.0108361085876822,-0.0067778127267956,-0.0073700663633644,0.0023903362452983,0.0064459387212991,0.0031585362739861,-0.000726047263015,-9.67787200352177e-05,0.0006845940370112,0.0007574572227895,0.0026227948255836,0.0010212822817265,-0.0017268181545659,0.0015708532882854,0.0023419619537889,0.0010323981987312,0.0038083121180534,0.0035292338579893,-0.0200966205447912,-0.0120073268190026,0.0102675100788474,0.008941326290369,0.0005748736439272,0.0003299873205833,0.0003218337369617,-0.0003649177087936,-0.0004390446119941,0.0001489973074058,0.0015303922118619,0.000380103039788,-0.0031657617073506,-0.0028397773858159,0.0007799170562066,-0.0011103954166173,-0.0033629580866545,-0.0012168060056865,-0.0008534716907888,-0.001280496479012,0.0689344033598899,2040.9695407123215,2401.342107365641,20.841362141283582,15.469406784434272,17.517240908119593,17.746043282245534,18.0090920158712,22.094381253402727,53.349321556949015,3873.672385774052,-0.0142916086939081,-0.0384324313637834,-0.0741784171619244,-0.0843897352158561,-0.0045504734370649,0.0226487533289124,0
0.06707330931684934,0.3103686003966908,0.4011930778067914,0.33649555355668126,0.26738399316294525,0.35711667317871404,0.4416174451922839,0.5248012529816755,0.4282885200732599,0.2691254662881233,0.25180351979152654,0.24419695015365306,0.23929732191881428,-345.78573274026047,139.06539414911657,0.3693244876114287,19.953247424596732,4.6229531410097,-10.294261794129822,-15.868700213240562,-9.155178954342338,-13.69949259057776,-10.895406392448757,-7.925643930727432,-3.325427955486121,-4.269268742789154,-8.862665792649357,-0.32464654691114114,-3.9515760965165883,-2.2551491714267393,-4.129566283309456,-6.640769146049072,-4.249646139755776,0.05383205912797464,0.02735652982513568,0.009522019447096332,-0.025470457013725124,0.00042502745965756344,0.030866438046832333,-0.03024286970933822,0.025475481706508322,-0.0004393600974717275,-0.0021097304368727144,0.0356533944529735,0.004873717668040303,0.02191156048757206,0.025105397188064187,-0.008549898900978362,-0.00021139019520083758,0.010469834276506424,0.01323656149547099,0.017356710515184372,-0.016298301530826783,-0.03759078010263649,-0.0098033124851639,0.0309594366387154,0.006988865587801826,0.04169374827625619,0.008804739957834127,0.0017540391396887955,-0.008742610520630726,0.010647911277573358,0.0026254385670503653,0.02963544741421689,0.010570034585842955,-0.004567239970762292,-0.01136275094553608,-0.005813395401504135,-0.01938087392546883,-0.04354189164753166,-0.03021440135437545,0.023527008279523323,-0.021390897937076894,0.057270122830679955,2040.995496641268,2401.36312154191,20.84541496764628,15.47089392066975,17.525516689900787,17.74720374122093,18.010232946032346,22.122023452299274,53.351632515017975,3873.6655199946254,0.010023932439120675,-0.06005084582024475,-0.08094409876168786,-0.06161430331945239,0.01334409734531453,0.031187822812123536,0
0.065085209546589,0.4174276888370514,0.4063262343406677,0.4227086007595062,0.4519646167755127,0.4349396228790283,0.3902426064014435,0.3909178972244262,0.3656284809112549,0.3421468436717987,0.3579815328121185,0.4120420813560486,0.4435223340988159,-349.4354858398437,147.9347381591797,-21.45692443847656,27.86282539367676,12.158554077148438,14.805514335632324,-22.899463653564453,-1.1991633176803589,-14.58194637298584,-3.4409584999084477,-6.121180057525635,-11.743062019348145,-6.952447414398193,-7.721034526824951,8.549796104431152,-5.802602291107178,-3.148035049438477,0.3667599856853485,-2.142696619033813,-3.374224901199341,0.0640052258968353,0.0557110719382762,0.0050990204326808,-0.0065270280465483,0.0028085596859455,0.0016333933454006,-0.0069265807978808,-0.0043064914643764,-5.102395516587421e-05,0.0014050177996978,0.001915611908771,-0.0022380680311471,0.0004271397774573,0.0040992177091538,0.0042564086616039,0.0022385735064744,-0.0017288337694481,0.0002657379372976,-0.0017292067641392,-0.0002364953688811,-0.0331009477376937,-0.017811432480812,0.0011603336315602,-0.0100207570940256,-0.0064951768144965,-0.004848058335483,0.00225430727005,0.0078714592382311,0.0014607494231313,-0.0030097546987235,0.0033694431185722,0.0083039253950119,-0.0044986670836806,-0.0078717339783906,-0.0035095512866973,0.0002139681746484,-0.0041585196740925,-0.0054349983111023,0.0021477774716913,-0.0018532208632677,0.0295708309859037,2369.776518737576,2685.978897264968,19.26204305210502,11.052592690798008,15.13156951144153,15.05315478627632,17.362785607377702,23.4468017555394,54.02282513375073,4255.35147313072,0.003405880251179,-0.0088080659199269,0.0298156954379854,-0.0164000377509924,-0.0100129132478499,-0.0109062860141657,0
0.0935066498243961,0.44015323559415315,0.39243639847002687,0.41262462749866435,0.4483607394148158,0.47496859139089953,0.39336338964027645,0.3886788989540364,0.353938746167831,0.333615431973892,0.3378488666483094,0.396980307053233,0.4463239843602799,-349.3999617408266,147.9495692322057,-21.43695417744393,27.868613193857797,12.148147474212879,14.77433952420615,-22.89352218220041,-1.1967219018080508,-14.589320337113323,-3.420965487124899,-6.113804229245128,-11.736790534097144,-6.928000612850907,-7.751712217856245,8.537729657703597,-5.800552864454142,-3.1466748933099025,0.37600435591273607,-2.1380062410025875,-3.366516277097493,0.06192720857067524,0.05172750376416488,-0.004244449230147995,-0.03431794875953304,0.0030011164134245896,0.01634090631250686,-0.006988591003385083,0.007762443043620411,-0.00468206080469509,0.006279331339802676,0.01643094835457014,-0.03575308722550881,-0.041157414478592926,0.0011926794327425734,0.024869250068756198,-0.008033094616745966,-0.02989443659705818,0.0023364908424035793,9.009994213827425e-05,0.0001688701507653467,0.005110826027120076,-0.022834536332204117,0.013309374498109825,-0.010858361379195191,0.027175055413357924,0.01343187316132992,0.01525958410047432,0.024600266853541906,0.018101182641262027,-0.0063075168035575824,-0.032003686472180166,0.029855038338678745,0.0025997670941030277,-0.02914390888947558,0.0021921408249484095,-0.012260833457678578,0.03232876749013999,-0.03234698224226831,0.0026849315497818743,-0.020595230700587625,0.05272232275443627,2369.77165582592,2686.02473446831,19.269591662714326,11.057319511596354,15.168469871513203,15.05542289069618,17.36559977864008,23.482339272458113,54.00388747746967,4255.364729633358,-0.005390576369133947,0.045854246638915595,0.022060080908858984,-0.02422715090043505,0.021843812447177847,-0.01115169307301694,0
0.0560922013327559,0.2315112054347992,0.306134432554245,0.3216131031513214,0.2711369395256042,0.2625395655632019,0.3160912990570068,0.4312635660171509,0.4759948253631592,0.3556482493877411,0.2700758576393127,0.2243367582559585,0.2111440300941467,-331.6531982421875,142.18792724609375,-1.9553930759429927,20.049814224243164,-4.393454551696777,-4.61014461517334,-13.71410083770752,-23.203556060791016,-21.569107055664062,-14.949122428894045,-11.121466636657717,-11.4314603805542,-8.769471168518066,-1.1737511157989502,-7.996615409851074,-12.193036079406738,-0.6293913125991821,-9.048575401306152,-14.041072845458984,-3.648531913757324,0.105931356549263,0.0546513311564922,-0.0217510219663381,-0.0180679392069578,-0.0058862641453742,-0.0033966568298637,-0.0086178947240114,0.0008233960834331,-0.0078640040010213,0.0042964299209415,-0.0046485536731779,-0.0112059591338038,-0.0045903795398771,0.0045077358372509,-0.0001151677352027,-0.0101229827851057,0.0022132236044853,0.0028677431400865,0.0081755379214882,0.0103631541132926,-0.0701501816511154,-0.0211851373314857,0.0247764140367507,0.0139993457123637,0.0144661488011479,0.0044384533539414,-0.003707680851221,-0.0122052850201725,-0.0006060883169993,-0.001738617895171,0.0035410858690738,0.0010313675738871,0.002924449276179,-0.0035811464767903,-0.0051190922968089,0.0048567964695394,-0.0019257406238466,-0.0023965544532984,-0.0075529385358095,-0.0098102865740656,0.0661058574914932,1992.5124126517608,2093.652245825449,19.89615410070319,14.798462880957494,18.4300766826261,17.785230817181215,18.51643030156193,22.789083191211027,53.80516906681324,3423.1162267248847,0.0231977047018135,-0.0086537052999251,0.0425339849085743,-0.0761483172428837,0.0156524656292077,0.0024477065856042,0
0.05999864403149274,0.23066447985159239,0.2890151674826453,0.3092137604120761,0.2808985088795227,0.2239758248084761,0.307416604657475,0.4292019621583732,0.49052319065037864,0.3463178084343579,0.27955261100515705,0.2274401404168025,0.21887643196259576,-331.63756185159764,142.1761255469254,-1.9495729617617443,20.042184777640777,-4.403146279851783,-4.612230701100495,-13.722859935278331,-23.175648317044036,-21.555256403129754,-14.975691924125483,-11.139962885758809,-11.42354082216595,-8.782910532933139,-1.1815578175606212,-7.9715484143359125,-12.19371497766872,-0.667490327441719,-9.045906208057167,-14.047031845213723,-3.643699758504089,0.07917219442422574,0.03693600064249142,-0.014611221844122063,0.00014804666781793527,0.002350683000412049,-0.0032090794658619303,-0.01815987497889773,-0.045634805394160066,-0.028843855943818483,-0.003951573238447856,0.006826610292805933,-0.0562796021210895,-0.013651409351042804,0.0371351936309453,-0.02978556116284442,-0.03925546006450416,0.011074596048897784,-0.021609781967982744,0.008158901996838991,0.05332326914123625,-0.09220883256622989,-0.03609259883016184,0.014377502798250955,-0.010410381856538845,-0.004226355605006605,-0.011492978156537832,-0.023748945710846178,-0.0026959276832294148,-0.0008442486661060411,0.03519415678198443,-0.00964210396605885,-0.011139919625993817,0.03441536255481588,-0.037315237629097345,-0.013024772641216695,0.0039047538040501645,0.015175036552949819,-0.007888566535793486,0.021875271073471092,0.0032402816060163233,0.06631182563875303,1992.5226420750246,2093.6979898545055,19.86613660328476,14.79320074996281,18.427823480271886,17.800695128313304,18.53526863321645,22.780244365353685,53.74338822577633,3423.1293813052525,0.028002667491423845,-0.01689668846392139,0.05439026917702361,-0.09290215814533656,0.022665066888860483,0.04365938442324373,0
0.0562821400316455,0.3696345090866089,0.3388525545597076,0.3297849893569946,0.3435040414333343,0.33270063996315,0.3516831696033478,0.377105712890625,0.3809104561805725,0.4108873307704925,0.4225713312625885,0.4541206359863281,0.4224891662597656,-307.6749267578125,145.84060668945312,-0.6494074463844299,28.296306610107425,-2.420337915420532,3.55096173286438,-5.880521774291992,-19.56752586364746,-19.455385208129883,-3.9196524620056152,-7.854256629943848,-15.182186126708984,-6.860710144042969,-0.282973974943161,-4.080537796020508,-11.751834869384766,-8.878026008605957,-2.195681095123291,-3.702899694442749,-4.675041675567627,-0.0244420878589153,0.0208677407354116,0.0369377434253692,-0.0016552116721868,-0.0044452138245105,-0.0007305217441171,-0.0020533157512545,-0.0101020885631442,-0.0081636505201458,-0.0094617782160639,-0.0102350478991866,-0.0108501752838492,-0.005585862789303,-0.0002979713026434,0.0009795454097911,0.0008735149749554,-0.000186495235539,0.0010939827188849,0.0027410583570599,0.0011083575664088,-0.1136088669300079,-0.0742891654372215,-0.006123858038336,0.0031508356332778,0.0076858047395944,-0.0074218078516423,-0.0056625413708388,-0.0076856100931763,0.0012315191561356,0.007183298934251,0.0102556478232145,0.0018685042159631,-0.0014917115913704,-0.0019214556086808,0.0006274366751313,0.0054784351959824,0.0060190707445144,0.0067326100543141,0.0019105669343844,-0.0023813943844288,0.0789800435304641,2143.0827867084954,2425.957199757767,22.04195751951784,13.084903045592627,16.40341307685467,17.729973501621824,17.88225260492376,19.56213859678218,53.76525948709418,4003.444947834256,-0.0029872310485943,-0.0201420273018125,0.0215806363732552,-0.0315537185147347,-0.0121864795702681,-0.0134916594330091,0
0.0373375223434491,0.40098837264407833,0.34320382329694676,0.32240763113361365,0.29663982228064706,0.32032090252471734,0.36077492486704993,0.37513992031084137,0.40710322313910796,0.43603822790496716,0.4343692004381648,0.4583538567745648,0.4205822057150614,-307.67455320514364,145.8132207995048,-0.6484248382138067,28.305006489365358,-2.4232719218990666,3.5903832864052814,-5.893607103055856,-19.564943275415196,-19.43869179424182,-3.9253201941745313,-7.858522582229499,-15.191337138997303,-6.839975496604852,-0.302249050629509,-4.075029064615338,-11.778749851303212,-8.920588941999055,-2.169885391229466,-3.695868822702865,-4.664358335874305,-0.018205302080089067,0.01782826774209121,0.023237884523781602,0.04816062356845612,-0.009430185434468937,-0.012734536046040409,-0.006679216869053286,-0.03409801561780987,0.03035657896777073,-0.012191209748943301,-0.011301128296144011,-0.013694353688034355,0.01846589982073673,-0.012432451279081493,0.03476328893686312,0.026613388580214406,0.02883021167514671,-0.010992168181513138,-0.019442998830281336,-0.010119505005530958,-0.1386747605183505,-0.0991716817674721,0.010241316311790413,0.0059847228860433754,0.028989299120955922,-0.019798540998816314,-0.011587001643699975,-0.023434731700857216,0.007077759684680846,0.021279529077133492,-0.0065533251579066865,0.008891476451863601,-0.004416561239957303,0.011679566208484322,0.009943326239548472,0.015931099653027792,0.004550738174611794,0.012638519966510272,0.000667163920587235,-0.03862873628931843,0.0727817271280203,2143.062042995389,2425.94830330796,22.016472944517332,13.100179179703696,16.387482551839806,17.736430579299157,17.875471033079183,19.558135685879925,53.74791515002503,4003.427104279061,0.004932909158958009,-0.058782770815894295,0.03609160111060939,0.006240916796303078,-0.021258807437924628,-0.020528863361134287,0
0.0588571208797089,0.3010927736759186,0.207673892378807,0.1572621911764145,0.2001407444477081,0.2872730791568756,0.2978518605232239,0.2766116261482239,0.3365089893341064,0.4338088631629944,0.4853681921958923,0.4633279144763946,0.3905099034309387,-350.658447265625,131.75595092773438,-6.213082790374756,15.444238662719728,0.2258263230323791,-6.4037065505981445,-13.13355541229248,-4.799953460693359,-19.26353073120117,-15.980850219726562,-3.4613165855407715,-4.362087249755859,-13.07181453704834,-2.1171014308929443,0.3936931788921356,-15.922112464904783,-2.295838594436645,-2.5659284591674805,-11.445929527282717,-7.867509365081787,0.0339280366897583,0.0169741753488779,-0.0083257593214511,0.0108168087899684,0.0174235831946134,0.0044106342829763,-0.0116780893877148,-0.0126249473541975,0.0001077390697901,-0.0030124611221253,-0.0090501913800835,-0.0064170695841312,0.0010607430012896,0.0091769201681017,0.0040349615737795,-0.0097104096785187,-0.0072019575163722,0.0027288019191473,-0.000965597690083,-0.0085417898371815,-0.043578952550888,-0.0044024889357388,0.0281040892004966,-0.012067187577486,-0.0096854576840996,0.0023382490035146,0.0023258817382156,0.0027580151800066,-0.0045872749760746,-0.0017351465066894,0.0025733292568475,0.0033695914316922,-0.0044733034446835,-0.010542475618422,0.0020172342192381,0.0038763696793466,-0.0098671540617942,-0.0066697946749627,0.0050929291173815,0.0059536802582442,0.0464138463139534,2250.4394785223167,2495.2717525285448,16.69860594042965,15.769331433169844,18.139675780922328,17.206124769573112,18.088876455818173,25.873265928733204,53.84441051344829,4045.181817877783,-0.0222678930931352,-0.0334915999730037,-0.0197311319492137,0.0646162218318958,-0.0328793408882005,-0.010380564211355,0
0.06493254657786249,0.28039634124027574,0.2394621315345341,0.15591614100184245,0.204816220009967,0.2624601364578934,0.3158058118062741,0.2669357771194808,0.38783277285461903,0.44557466791257233,0.4860173801382379,0.43736349513670963,0.3979237897338807,-350.64915933909595,131.7305254601348,-6.211314885542722,15.424291879584816,0.17522677039551526,-6.386408622183808,-13.127529355966038,-4.8159005441115665,-19.27342443953229,-15.946326565204773,-3.4746445776571857,-4.390172295977059,-13.070695180281025,-2.138509322047369,0.42882087284454884,-15.922341759220595,-2.2827483442949004,-2.6046030765529884,-11.456972962756698,-7.823308530962102,0.061021457945734756,-0.004038549857480714,-0.03421356194068416,0.04289391898927654,0.018431800690495083,0.01963035154157842,0.0012983646878273226,-0.03785077440139661,-0.028528726043585792,0.0028662222773447993,0.010131539174924669,0.001239946706108594,0.026024517602880357,-0.007056899209935248,0.07049196226338938,-0.04172159880627538,-0.0019362657070359736,0.043732078178020696,-0.01320347567069702,-0.016349446585222364,-0.042336784430331065,0.006220588629965856,0.059370458712598426,-0.0014202690022522939,-0.0003744620810845409,-0.0044052214642081415,0.012525059288677105,0.01034318359738293,-0.020648366825774513,-0.02953542452021689,0.0073704107948482245,0.02144299928696478,0.009198269207835438,-0.01589325461075763,0.011695069197472685,0.007344705812773754,0.023319529392736973,-0.02222741104124162,0.01801495262471373,0.0009529047727305263,0.08727719374863369,2250.442861828397,2495.2783664654253,16.69593577554903,15.778895024714002,18.160669784180453,17.21968428585182,18.069897643183502,25.859094939760077,53.86945094324326,4045.2026947140425,-0.02008854391186198,-0.035858197748769846,-0.02069850475094533,0.06475855990961868,-0.0418768877665126,-0.01307657820043181,0
0.046671416068989,0.3040746748447418,0.3596611022949219,0.4663965404033661,0.4613420069217682,0.3856767117977142,0.3706792891025543,0.3477058708667755,0.2948253750801086,0.3095438778400421,0.3604716658592224,0.3525410592556,0.3351545631885528,-325.369384765625,137.1112060546875,10.908574104309082,44.35675048828125,5.510110378265381,-6.139420032501221,-9.165800094604492,-13.198299407958984,-18.27337646484375,-11.917598724365234,-0.0188580621033906,-5.435494899749756,-13.96161651611328,-15.369318008422852,-5.047431945800781,0.8633325695991516,-5.07786226272583,-7.633626937866211,-3.3066325187683105,-8.22021770477295,-0.0101172607392072,0.0123333372175693,0.0084262648597359,-0.0100472318008542,0.0038003243971616,-0.0012000339338555,-0.0034586593974381,-0.0056007415987551,-0.0076990472152829,-0.0002906882727984,0.0025020281318575,0.0048733251169323,0.0009111101971939,-0.003391966689378,-0.0015276601770892,-0.0013018900062888,1.3662556739291176e-05,-0.0018115590792149,-0.0012641012435778,-0.002135852118954,-0.0186933409422636,-0.0062015890143811,0.0080128209665417,-0.0062275864183902,-0.0059066587127745,0.002964174374938,0.0032981429249048,0.0035235460381954,0.0057244431227445,0.0050752889364957,-0.0003692444588523,-0.0005790830473415,0.0025778482668101,-0.0024707028642296,-0.006154365837574,0.0014403911773115,0.0048867217265069,0.0008874763152562,-0.000486913282657,0.002713379682973,0.0870178043842315,1874.8965185239315,2251.645378453401,24.48498031441292,15.16578676096866,17.894085971000923,19.0621975971534,19.70880864609043,20.19424339408257,54.42911184052032,3465.6337250256147,-0.0049691115853445,-0.0124686543787517,-0.0891291528501258,-0.0559421378035796,-0.0067818997033326,-0.026831799848425,0
0.036749411113940755,0.3229239775752806,0.3302907888160116,0.49937370357473015,0.4411683143868155,0.37624568718541945,0.3687097782076682,0.34002693226511066,0.2841815803924001,0.32481549267697113,0.37756599360667026,0.34860506072003455,0.3148441919961083,-325.3788813846387,137.14661214705245,10.908937785251423,44.35934900809225,5.518186935348776,-6.125951625505802,-9.184249743300018,-13.22360045959918,-18.289215332199205,-11.898504602996706,-0.019317577323283357,-5.436684680944037,-13.926613119726175,-15.375993749555732,-5.0664836991991065,0.8451881456755879,-5.074916500206015,-7.651812748635246,-3.290445242857576,-8.20442959241743,-0.016446872779791108,0.012318295777498703,-0.017006043207842613,-0.021341789822178197,-0.016881451914359236,0.015082616481561228,-0.02981869543144785,-0.010992998276386595,0.0013615192422005047,0.0281473184384856,0.021721260056988104,0.03163745568879171,0.0020921840262063352,0.0003095038156068156,-0.022782927068961657,0.0017162379323217177,0.036576641491586875,0.0029401657600392353,-0.022021270591926587,0.01950514804233245,-0.02319494009922635,0.013905856318796657,-0.004231114979329893,0.00784049969300429,-0.00946298508606943,0.027670063344395545,0.02573978411192695,-0.01847224143871798,0.008727134696202656,-0.008595393986032412,-0.013752290342501782,0.030555958081740536,0.0002707393003560667,0.005974081229393131,-0.006491911680239806,0.017431312216433608,-0.018226768806729875,0.016491914055849106,0.005661035908800083,0.018464078336505117,0.1261518601567913,1874.86602669579,2251.659612162468,24.481845429036028,15.134653655203984,17.855626335778297,19.076688515844147,19.66725645948179,20.169589028389943,54.477757726296595,3465.62723502521,-0.0045919464986919276,-0.0026447708489017955,-0.0865136604005637,-0.07644584675820087,-0.012757006519890837,-0.039079140335909764,0
0.051173843876008,0.2123845517635345,0.1762002557516098,0.2047873735427856,0.2375839203596115,0.1964813768863678,0.2129609584808349,0.2912030220031738,0.4898836612701416,0.681664228439331,0.550446629524231,0.3423745036125183,0.2608703076839447,-335.4132080078125,135.8734588623047,-3.5229008197784424,21.152772903442383,-8.308623313903809,0.6319436430931091,-6.000391483306885,-22.60620880126953,-12.179109573364258,-10.35018825531006,-16.442203521728516,-10.486475944519045,-9.967374801635742,-12.360694885253906,-3.950869560241699,-6.440941333770752,-5.043935298919678,-0.4191248714923858,-2.067022562026977,-4.784268856048584,0.0314822904765605,0.036120094358921,0.0174730457365512,0.0062038819305598,0.0172285493463277,0.0130295995622873,0.0013201528927311,0.0131108928471803,0.0101050408557057,0.0070578451268374,0.0096513805910944,-0.0011564109008759,-0.0036139274016022,0.0012247808044776,0.003690707264468,0.00032608123729,-0.0085005993023514,-0.0042494065128266,0.0018398853717371,-0.0023477785289287,-0.0846038535237312,-0.0695805475115776,-0.0185057483613491,-0.0086239073425531,0.0042518586851656,-0.0009468817152082,-0.0045711705461144,0.0036035806406289,0.0012486196355894,-0.0041895653121173,-0.0015754923224449,-8.703008643351495e-05,0.0014356968458741,0.0038190798368304,0.0004810888785868,0.0009699444635771,0.0015909778885543,-0.0001672344806138,0.0029410775750875,0.0033282886724919,0.0503153353929519,2060.9173660430706,2402.5822878234217,18.82290272218356,13.731112818557866,19.76901688667901,18.58308727329293,19.237904834566077,20.552442552752936,55.90482936590845,3792.014435798891,-0.0451523913597268,-0.0276816611478462,0.0303809017394552,0.1537970329465854,-0.0528474986465941,-0.0145756270051342,0
0.08063303134358624,0.2141789851833092,0.1871047133102746,0.20804719790865167,0.2129629743755127,0.18302616140012215,0.2504299303010572,0.25774558844030604,0.5134584357149306,0.6578777082496577,0.5568987153828107,0.35213063091547603,0.28180944706334693,-335.42662129925003,135.85596140779913,-3.5807775470892187,21.176897989835826,-8.284348513197836,0.6075735697175456,-5.975261821802374,-22.623597534066885,-12.182967176266029,-10.348448911626217,-16.430071504131554,-10.50251285900328,-9.939097419951011,-12.337508671940968,-3.9705392411465668,-6.448905773270972,-5.018285300603941,-0.42124117641498954,-2.0546629712048716,-4.789471257688456,0.04840430895204738,0.03914506832006775,0.036420734915310976,0.01956988088289535,0.0091652126081519,0.023332395907223816,-0.05057160194029895,0.02173413130905421,0.028708010756903643,0.0441395091781359,0.012667088084540598,0.01768492922447734,-0.017519341999844,0.005284173952275059,0.021634264768812896,-0.02425689352839614,-0.032763173905839195,0.009060098888848095,0.009496824046251838,0.006411094072673729,-0.0915422240169424,-0.08316721769448293,-0.018803066550963927,0.004454131272873588,0.017601132543058645,0.02497470578600453,0.0059962240666083695,0.004874975971388345,-0.010150679685157885,0.007031311454515273,-0.026856092821541198,0.013475529577750101,-0.04556003586195321,-0.014054118722509498,0.0024298363360574786,0.03964597519100695,-0.0206451178784203,-0.0008958056881265548,0.010505244430351387,0.034007438706769685,0.05767909999832396,2060.942964710855,2402.6001758585553,18.838515686221367,13.743247738967124,19.76981109622418,18.60853664034834,19.237848791691814,20.54667972203606,55.91669675808293,3791.9780341425494,-0.014897031995022705,-0.023465001739009166,0.0271971827442411,0.1656533386269235,-0.05686706819012094,-0.024678759515861393,0
0.0544895767476517,0.2151957005262375,0.1890288144350052,0.1582587957382202,0.1718643009662628,0.2459256649017334,0.4215123951435089,0.502527117729187,0.4525202810764313,0.3619641661643982,0.256362646818161,0.2112456262111663,0.215922862291336,-300.2146301269531,139.31724548339844,-21.387937545776367,20.81106185913086,4.413896083831787,-4.867467403411865,-17.14798927307129,-25.01336097717285,-15.078085899353027,-11.197505950927734,-16.120162963867188,-12.123502731323242,-11.493151664733888,-11.005939483642578,-11.532349586486816,-10.33405303955078,-0.6231141090393066,-2.762519359588623,-4.485072135925293,-0.736804187297821,0.0636622905731201,0.0095950774848461,-0.0311723891645669,0.0162181314080953,0.0087568741291761,-0.0083865309134125,-0.0114307347685098,-0.0014701357576996,-0.0048296111635863,-0.0102986339479684,0.0028347831685096,0.0006080652237869,-0.0008715384174138,0.0004894760786555,-3.2364288927055895e-05,0.0018688605632632,-0.0005692022969014,-0.0002207921352237,0.0023525257129222,0.0022159037180244,-0.0993678942322731,-0.032897412776947,0.0342978090047836,-0.012922921217978,-0.0058839144185185,0.010294665582478,0.0171516742557287,0.003574606962502,0.0034060119651257,0.0110651841387152,-0.0062574092298746,-0.0020159031264483,0.0040473961271345,0.0029451926238834,0.0040057464502751,0.0008587468764744,0.0004478586197365,4.201093906885944e-05,0.0014196175616234,-0.0004456697788555,0.1040895506739616,2042.0490687788952,2053.615443302666,21.0546469827593,18.353444568728744,20.64780492654245,18.439972304530134,18.946004422360957,20.386491208642678,54.02883682529982,3585.542817749729,-0.0194994435921354,0.0154168730657218,-0.0255419794624679,-0.033731575975295,-0.0142458402280585,-0.0017172243220514,0
0.05879783260192428,0.21841521295200741,0.16171867887485056,0.15406455745892628,0.16845781049090658,0.27161607909098623,0.4101809882815365,0.5307059922685248,0.42780200143860764,0.3588214956160585,0.225565771749078,0.19552770666391903,0.21021721548107275,-300.2159953912318,139.33003786874636,-21.38068973225322,20.788205809701562,4.451007156223203,-4.897325987643932,-17.15700277511662,-25.02499420114066,-15.053378286948677,-11.196447168109245,-16.12653758796767,-12.110091757875624,-11.523572718179597,-11.032919025091113,-11.550049193306366,-10.348745347807814,-0.5968832892234202,-2.7499549795653553,-4.485378582136965,-0.7163583358401983,0.051968801722695496,0.01680840484581976,-0.03187003530646309,0.04171989580160677,0.009533409631799127,-0.012479396862104388,-0.01986097797798872,0.023124799986718146,-0.005906724948969895,-0.010300802922265316,-0.00232944580757421,0.015476236583202746,-0.005700062155674902,-0.04268953576153672,-0.02397785176884182,0.0037383961902871204,-0.028914304148900883,-0.040943057446039294,-0.017544409743208325,0.04128880414710047,-0.09549775914361307,-0.035997087297853024,0.02038225134281263,0.00428535393722055,-0.009523715459209284,0.02032997106246498,-0.014703541332134036,-0.017421269422273518,-0.024915050103998772,-0.017175393716609325,-0.030003341328420353,-0.022956941995563817,-0.0165725336618076,-0.02360563831884987,0.02636204493761598,0.022187050501218598,0.04351791662516462,0.01955104081930588,-0.03909025690562203,-0.015146589436468537,0.1069450487346949,2042.060637673551,2053.5974785384815,21.06819571131652,18.353745693664703,20.650957701557555,18.409905878800217,18.983036520834993,20.39053706816736,54.00592193765507,3585.575738857355,-0.0016242539346715303,0.03319722513067776,-0.010756863363679042,-0.044546870984842314,-0.013964826330377426,0.03717033048860919,0
0.0546822567114093,0.2360400706529617,0.2320689857006073,0.206172376871109,0.2008338123559951,0.2835501730442047,0.409960001707077,0.4722881317138672,0.4310296177864074,0.3209210932254791,0.2785881757736206,0.2888002097606659,0.2682487070560455,-352.4505310058594,123.41071319580078,-3.4539332389831543,13.753275871276855,4.408637046813965,-0.7834723591804504,-14.001038551330566,-10.47386360168457,-14.557025909423828,-12.9364652633667,-12.407320976257324,-8.767916679382324,-13.21625518798828,-12.578311920166016,-6.387404918670654,-12.544236183166504,-2.5088179111480717,-0.587321937084198,-5.722324371337891,-2.502763032913208,0.004622081760317,0.0057293134741485,0.0040049166418612,0.0024900210555642,0.0014520452823489,0.0005608214996755,-0.0002745446981862,-0.0009481626329943,-0.001471976051107,-0.0017797789769247,-0.0016927936812862,-0.0013753946404904,-0.0013304810272529,-0.0016516461037099,-0.0017241501482203,-0.0010445677908137,-3.196131729055196e-05,0.0004516328335739,0.0002557458064984,6.311638571787626e-05,-0.0035681982990354,-0.0043728183954954,-0.0028595149051398,-0.0014462959952652,-0.0006327434675768,-0.0004063696833327,-0.0006062368047423,-0.0009706956916488,-0.0011325640371069,-0.0009450929355807,-0.0006533645209856,-0.0005456294165924,-0.0006316634826362,-0.0007770672673359,-0.0009048336069099,-0.0009517604485154,-0.0008379890350624,-0.0005529927439056,-0.0001293297536903,0.0004234899533912,0.0713782906532287,2058.421189919909,2306.7443418199096,19.99133029180874,15.440486046172216,18.854214212831028,17.402882525563044,17.492124519070764,22.217044918128067,51.25454292816474,3797.6573641988257,-0.0103106504292745,-0.0184417283790583,-0.0295779461147353,-0.0745067618385696,-0.0051442436619668,0.0051448697469981,0
0.055941577294937414,0.23759467175942883,0.2279476752028779,0.19798873259394387,0.24337533905282,0.2659686879932523,0.4068419979942691,0.46486263745241807,0.4648414524125335,0.31680515709043267,0.29531118543538387,0.307648797038374,0.2742142892461155,-352.4298632399526,123.41932060979781,-3.4750026513925842,13.755721730078795,4.4038621780135445,-0.8087819087755261,-14.012414995608525,-10.466750343952373,-14.535684416945449,-12.933091288057927,-12.361462325529901,-8.788203808792336,-13.212176024767036,-12.55293113579268,-6.395402558192102,-12.552102936457745,-2.543742651437802,-0.6180301800441552,-5.706607092106993,-2.505706826083563,0.03403840426087459,-0.004987319715660793,-0.007036320914312862,-0.002182729008705556,0.015382500196191745,-0.001446928501209549,0.014801325406996201,-0.02262123149578061,0.013008856959168731,0.019301642455758605,0.02050397164543324,0.0047077323395096835,-0.006529361550515789,-0.008995369576749889,0.01424098381750462,0.015069463773303494,0.0006479349845698053,-0.03688847817781336,0.016914729896816173,0.01999251790595251,-0.004743661801158403,-0.03582365595980161,0.012336687528908014,-0.02008553037624416,-0.0064493002581781375,-0.014143695226120398,0.018987142458778486,-0.004923307127502292,-0.0011901556778967995,0.022406827159956143,0.002803617429524237,0.027492608368095653,0.006599674344540265,-0.001142664531745999,-0.0006972161968293711,0.010431946592685617,-0.008367480745058383,-0.01261963934017187,0.0029184795828204276,0.030284897594669482,0.08808762297239837,2058.405827468242,2306.753888203969,19.993830094189054,15.419526567620215,18.86585906679841,17.394379334803975,17.473222779249667,22.236232143336395,51.23730609021393,3797.6627942313644,-0.03674039103713789,0.030376835249432518,-0.04340529863066502,-0.06910621371348623,-0.02849449491149891,0.00360463804543244,0
0.0498248287418974,0.2761967182159424,0.2106378823518753,0.1990018486976623,0.2658052444458008,0.4446877539157867,0.536673367023468,0.4683450758457184,0.3555346727371216,0.2763635814189911,0.2206972241401672,0.2709563970565796,0.3323398530483246,-332.0830078125,144.8635711669922,-7.358009815216064,6.235683441162109,15.70098876953125,-2.763812780380249,-18.536325454711918,-2.2212252616882324,-15.4954833984375,-19.800121307373047,-10.723586082458496,-9.600821495056152,-14.663509368896484,-14.516186714172363,-0.862723708152771,-6.973893642425537,-5.318105220794678,3.0459237098693848,-2.2098593711853027,-3.581974029541016,-0.0559079870581626,-0.0171698965132236,0.016755923628807,-0.0007272477378137,0.0051762009970843,0.0051717883907258,0.0005336147733032,-0.0066381166689097,0.0019509940175339,0.0051563377492129,0.0019113139715045,0.0018951492384076,0.0069692395627498,0.0014411181909963,0.0002306408277945,0.0035544177517294,-0.002470152452588,-0.0026330761611461,-0.0036884408909827,-0.0036587200593203,0.0304686687886714,-0.0011721752816811,-0.0147917177528142,0.0046443478204309,-0.0034229450393468,-0.0049935164861381,-0.0007953391177579,0.0078495983034372,0.0021204473450779,-0.0023789678234606,-0.0025494841393083,-0.0005335046444088,-0.0009850787464529,0.0026120415423065,-0.0002002502442337,-0.0056066024117171,-0.0013886224478483,-0.0007196273654699,9.28758381633088e-05,-0.0005143427988514,0.066475324332714,1969.3799561378269,2228.698717099367,21.135548342588933,17.493318961964746,19.192413632314867,17.292164109203384,18.06128045928357,27.30775383546702,51.6933312393184,3630.6985327968473,0.0038140739334707,-0.0013565602105655,-0.0213330525426886,0.0449708510035483,-0.0033559090061025,-0.0112192965618625,0
0.04225499245134527,0.2737197305324044,0.2393510246039583,0.22165472186278315,0.24682656073444562,0.4674650390748326,0.5365192797033719,0.45552638506625603,0.349029454211487,0.28543840831803574,0.21032114302206822,0.26696024259736456,0.37658056794191913,-332.0936629995942,144.82662271912906,-7.365572997795901,6.2523005878952125,15.710774775835668,-2.7884551093388072,-18.545353960371184,-2.2156345049180435,-15.485431024092119,-19.795508335750505,-10.737322273484168,-9.590605291733441,-14.667160565845167,-14.536227578453186,-0.8707191283493008,-6.981005645971367,-5.345829023358016,3.0537262882732388,-2.176443784431364,-3.539047057246779,-0.061498618639536956,-0.03843258422196083,-0.013320158152620717,0.047407094623163996,0.034956527016846484,0.005816754982598817,0.012826223435371492,0.010282532190986132,-0.007219699776250278,0.024205374376661086,0.018394172944506734,-0.009246764374286736,0.0217557785959445,0.004127268365160681,-0.005819458767130944,0.004959563398980087,0.017990655919834585,-0.002282146543998672,-0.00683916222766595,-0.004487728718565215,0.007700914902342981,-0.006451851868383365,-0.0009232869395187342,0.0444800993142454,-0.0035850629975030506,0.004726996585224854,0.004155064094236035,0.035673271488051154,0.007487977177149318,-0.00453929833672218,0.012666535091159949,-0.027172083335003875,0.010304602279757156,0.028921892519266974,0.00987192591712361,-0.005659610576407869,-0.025517311203575976,-0.024427133431585993,-0.02596475739325202,0.02581911360724484,0.0386173802052473,1969.4005821475778,2228.701361815039,21.132218409780467,17.480674232898373,19.204185722683743,17.287340013495978,18.068563919731943,27.315073336200726,51.68464690890223,3630.7140751972647,0.0466533703973027,0.019259384948628232,-0.02740362590259215,0.06975252939177984,0.030953759152826787,-0.012615124701924633,0
0.0666418955654311,0.3800841867923736,0.2789967656135559,0.202816754579544,0.1572902947664261,0.179191842675209,0.2204115688800811,0.2315873652696609,0.2626837491989136,0.2993053793907165,0.3732353746891022,0.4640005528926849,0.4723442196846008,-294.8184814453125,116.66431427001952,-11.749190330505373,19.822734832763672,-9.322504043579102,-1.8635151386260984,-21.68578147888184,-14.696366310119627,-10.21841049194336,-20.137636184692383,-19.64910888671875,-5.350790023803711,-11.600382804870604,-12.636096000671388,-2.314483165740967,-5.708592414855957,-6.491450786590576,0.0353178419172763,-0.7501553297042847,-5.32834005355835,0.087434597313404,0.0282366629689931,0.0023501883260905,0.0080809528008103,-0.0049183508381247,0.0024607414379715,-0.0167836211621761,-0.0004367977380752,-0.0079047121107578,-0.0063824369572103,-0.0032632916700094,0.010075063444674,-0.0010042506037279,0.0045467778109014,0.0058670789003372,-0.0061820363625884,-0.0062926453538239,0.0002958314144052,0.0014098307583481,-0.005032199434936,-0.0352213196456432,-0.0013931243447586,-0.0109242824837565,0.0004272867226973,0.0149610117077827,-0.0096472837030887,0.0046919998712837,-0.0053499094210565,-0.0001637232344364,-0.0007830988615751,0.0012095771962776,-0.0062331547960639,0.0030826153233647,0.0020674685947597,-0.0011010750895366,0.0022164012771099,0.002118575386703,0.0015781529946252,0.0029535572975873,0.0064151659607887,0.1084944009780883,2508.271333978443,2575.8352303919933,14.528787011023525,14.992267199816022,20.698318980721535,18.52843049631793,19.52195016435044,24.254944538453827,55.64963110156573,4479.742385471823,-0.0167425895249761,0.007616311358028,-0.0239091831998782,-0.0314804577246703,0.0111985165018455,-0.0076044065039698,0
0.07511138500430685,0.3772033432267558,0.27869022727267584,0.19894202659231144,0.15365099320034664,0.16544042185680372,0.2302179284627345,0.23518190200160943,0.27373646246918604,0.2742214175141101,0.33452846799592983,0.4444674262791081,0.4713495361365748,-294.7810004479112,116.64576096291114,-11.750746342900491,19.79432564641574,-9.313267681526863,-1.870090402144178,-21.664302753814702,-14.693785228573686,-10.202127843307592,-20.13526398520938,-19.64575358546526,-5.370442878034612,-11.607113691808278,-12.653558685247866,-2.3183774128972963,-5.715406382047673,-6.45931776988973,0.031769803489129195,-0.7224839401954005,-5.316427071149255,0.06855970468330089,0.03472248745679727,0.010767145553655492,0.025877135581810026,-0.0074099763924636575,-0.011617953265678724,0.015076846103914968,-0.029115362897747854,0.000992410232050718,0.03303986030746702,0.006045193834351764,0.01828280402824823,-3.494175891891559e-05,0.04077851180079016,0.042752377587879045,-0.009652913455769263,-0.04088123388733477,-0.025907025347568845,0.013450390859550838,-0.025699909723006002,-0.03199986388765021,0.0027542304242148333,0.013712194577758761,0.002241366386093234,0.030627386547156937,-0.033447987352752485,0.021993029009187898,-0.0027409218230828565,0.01827141557091872,0.027497985884274812,-0.023632142342074634,-0.013310222165606938,-0.010171700580974555,0.01317097803967545,-0.0066432906462960736,-0.0042078612027969505,0.001076071831455313,-0.03693713075453092,0.002026494015014903,0.01106565880002534,0.10156653111744227,2508.2807385474744,2575.8218490165596,14.524174670337098,14.99919395330847,20.65603353152178,18.524782200980408,19.51216907380608,24.25842914090572,55.64885159913007,4479.760582619613,-0.012130159331015768,0.037978145903500814,0.009947179069935138,-0.004298593182594689,0.020295946421729737,-0.02766425988201547,0
0.0483581947770817,0.3397219181060791,0.2730431258678436,0.3028935492038727,0.4238611757755279,0.4377284944057464,0.3136539459228515,0.2348699569702148,0.2335967868566513,0.2682687938213348,0.3387323021888733,0.464686244726181,0.4752845764160156,-304.8423767089844,155.97149658203125,-12.469267845153809,17.395946502685547,14.20750331878662,-0.6786382794380188,-15.27880573272705,-19.50504493713379,-15.64836311340332,-18.81723022460937,-8.78054428100586,-5.111059665679932,-17.854175567626953,-17.11924934387207,-4.295228958129883,-4.138813018798828,-8.005645751953125,-0.3955268859863281,1.6195271015167236,-6.860281944274902,0.0142812374979257,0.0181018039584159,-0.0029023184906691,-0.0101636489853262,0.0096013583242893,0.0032173101790249,-0.0047393101267516,0.0026786455418914,-0.0020936981309205,-0.0012822765856981,0.0053135147318243,0.0025398898869752,-0.0064518181607127,-0.0113397892564535,-0.0006330626201815,0.0041753118857741,-0.0029930165037512,-0.0007236928213387,0.0042316759936511,0.0048050703480839,-0.0738383308053016,-0.0613354854285717,-0.0036859358660876,-0.0044242497533559,-0.0154832759872078,-0.0003549404209479,0.0083334231749176,0.0059472937136888,0.0052986703813076,0.0030886256136,-0.0006632421864196,-0.0032213097438216,0.0042502521537244,0.0111756399273872,0.0027653409633785,-0.0031356962863355,-0.0023383568041026,-0.0009400915005244,0.0028085834346711,-0.0006018755957484,0.1108389198780059,1820.609276041558,1967.8822714477035,21.904578374576108,16.612929825408933,18.98333449726637,18.018424184646857,18.12646791837564,24.742525349213363,52.287068412636025,3479.429218289425,-0.0341388320194292,-0.0080165243947656,0.0911336726048863,-0.0018901806331586,0.0102560941776998,0.0027727977772567,0
0.0682014558997365,0.3692559740018662,0.26695917882775944,0.26763167541902816,0.4296651074350461,0.46086010554388207,0.31582234453286645,0.22942061377252101,0.222051955409321,0.2505316508777171,0.32986172350360105,0.4737838532259469,0.4623197500731585,-304.8195248852787,155.96111984789658,-12.452021979848007,17.368992416167213,14.214759835826216,-0.6832713878659239,-15.29483195648753,-19.524041105307013,-15.668111283047475,-18.831181249654307,-8.786295687572167,-5.081708974700015,-17.901285177729022,-17.097878285370253,-4.288004611605381,-4.087788955265029,-8.006203311859382,-0.40145437058637645,1.6038451196733086,-6.85032383237966,0.023654341163905072,0.030421886191261325,-0.013774366640670452,0.01864306057200581,0.022256810015911028,0.01603427833630975,0.012195606048105559,0.02638804198688581,0.0031477019967914074,0.03660756267692297,0.0017892334591289275,-0.025579892418948202,0.018864917651465155,-0.005706612419513364,-0.005479995740392574,0.012794249358968245,-0.009825879762697902,-0.006740196843560196,-0.00496491709159666,0.0321702800551176,-0.07664610606966359,-0.06349003128201013,-0.002518083760603541,0.018623371058003334,-0.02627320003327559,0.006302963290595331,-0.030433932788379366,0.0069561415034727955,-0.007615780550792815,-0.008619220774418656,0.02894833856914317,0.036930889200124606,0.014745867498812147,0.0030239496608384184,0.009092020102512113,0.014276897134936208,0.016234145740526108,0.007031460700720542,-0.023848452846227365,0.0009183871508595071,0.12157346082897773,1820.6202304549927,1967.8808462848235,21.878368488062662,16.649668670820546,18.968018471109286,18.039641443225303,18.14605155688208,24.777268117357288,52.28894588584723,3479.429429538419,-0.040926806253628274,-0.0020542052889512257,0.06452819209356125,-0.0031639174716683763,0.011179270067365571,0.0028902450649400885,0
0.0608964038774403,0.3984490931034088,0.3486886620521545,0.3306514322757721,0.3547025620937347,0.4199007153511047,0.4981448054313659,0.4910676181316376,0.4559801816940307,0.400660902261734,0.3441872596740722,0.3519671857357025,0.4205322861671448,-377.5653381347656,125.15249633789062,3.4109947681427,23.81829261779785,6.392136096954346,-1.5407987833023071,-12.720355987548828,-6.020603656768799,-7.689681053161621,-11.608537673950195,-4.642547607421875,-7.523630619049072,-11.665575981140137,-5.392717361450195,-5.167158126831055,-5.474173069000244,3.957643032073975,-3.410838842391968,-2.1301844120025635,0.5843883752822876,0.0382611975073814,0.019277112558484,-0.0034353244118392,0.0069809160195291,0.0028529376722872,-0.0014382897643372,-0.0037582297809422,-0.0021658767946064,-0.0006485283374786,-0.0023872107267379,-0.0041439961642026,-0.0016353768296539,-0.0011445200070738,-0.0021102023310959,0.0006010241922922,0.0015898073324933,-0.0005769421113654,-0.000863958382979,0.0002982021542266,-0.0016328346682712,-0.0035405422095209,-0.0030089099891483,-0.0001462121290387,0.0008757950272411,0.0057438798248767,0.0036359943915158,0.0001264752063434,0.0025944546796381,-0.0003609509440138,0.0009290418238379,0.0011286999797448,-0.0022063944488763,-0.0027747410349547,-0.0006400317070074,0.0005472858902066,-0.0023411947768181,-0.0018076936248689,-0.0001376940199406,-0.0009856666438281,0.000453162647318,0.0356247313320636,2403.088439516778,2765.961552473232,19.93059525069889,13.074160934148242,16.48320919314293,16.755100859018377,16.593370748312953,22.05505163913827,54.430164329928296,4775.999059449566,0.0020850215427247,-0.0034912831728042,-0.0349106325337627,0.0108266425700835,-0.0152446326060344,-0.002867417267161,0
0.06781749569600266,0.40129008095081264,0.37020947118251174,0.31725836703103394,0.3992207039024949,0.3932587395287418,0.5178225094988921,0.4679975361366578,0.4191832310614948,0.41062847545940456,0.3650581089588335,0.344311833472319,0.3982706034654418,-377.5729429108529,125.14470566827686,3.4338196929614018,23.82681240865069,6.392348292145869,-1.5689154833551477,-12.744167322174045,-6.004958942317821,-7.721461453758057,-11.613426862669856,-4.633155026829287,-7.48930181366627,-11.688652411374601,-5.3769221034223635,-5.183935116582574,-5.448832210202585,3.9689529441375297,-3.427555202930638,-2.114816475214709,0.5960035730086187,0.06330474746497855,0.05748126701622393,-0.023688797605289698,-0.013202688312362522,-0.002354316240718767,0.012749633131797932,-0.02644426601112778,-0.010384572602502262,-0.011826470811972538,-0.024664801763945872,-0.02306616485869334,-0.01573926657055453,-0.021016821543480706,0.012471418236272673,0.014736353136365291,-0.005305621741337738,0.009520120476248499,0.03187899718861125,-0.00484747668814804,0.005551273701441173,0.027118420935482047,0.01020758819534486,-0.007134975304018032,0.005690086667118895,0.011227638461553826,-0.014649510525248027,-0.016254464497533046,0.0164652267845729,0.01399930931580362,0.06196403644593248,0.010700538699282733,-0.011922491904658114,-0.013456534728236604,0.02133912572535153,-0.009079653186757821,0.017255164914712663,0.006846822210841246,-0.01371985088731525,0.018874788738903636,0.01891064937407662,0.03901520218399846,2403.085380380062,2765.952373047138,19.95208789243478,13.081663406363125,16.47789958199661,16.752977862783197,16.577719977322257,22.065880186121642,54.441733997550244,4776.000196277466,-0.01178754497227252,0.019471757939893322,-0.0262162482800755,0.010875794486122458,0.011699152647916839,-0.01658019055676115,0
0.0677081191748903,0.3552641272544861,0.3695308268070221,0.3576846122741699,0.3977238237857818,0.4024001359939575,0.3782097399234772,0.4310006499290466,0.5178996920585632,0.5483580231666565,0.5576490163803101,0.468439906835556,0.4004118144512176,-300.3472900390625,124.6144027709961,-12.729771614074709,5.952803134918213,-4.14696741104126,5.876119136810303,-19.751651763916016,-2.6917121410369877,-18.004167556762695,-4.007469654083252,-4.9916863441467285,-16.13047218322754,-10.694408416748049,-6.744107246398926,-6.237443923950195,-12.65330982208252,-9.041133880615234,-8.665081024169922,0.3563365340232849,-12.871536254882812,0.048111718147993,0.0229924712330102,-0.0035150260664522,0.0051354723982512,0.0040789884515106,0.0055756983347237,-0.0053805788047611,-0.0042464537546038,-0.0055533810518682,-0.0054765995591878,-0.0006815726519562,-0.0024721287190914,-0.0031995037570595,-0.0017787498654797,-0.0023641805164515,-0.0043188841082155,-0.0045642866753041,-0.0040224646218121,-0.0032672460656613,-0.002476678462699,0.0126572689041495,-0.0023236942943185,-0.0050801672041416,0.0031582259107381,-0.0008995946845971,0.0005569686181843,-0.0017758490284904,0.0023503424599766,-0.000782994844485,-0.0034207901917397,-0.0004746709018945,-0.0009241984807886,-0.0030260938219726,-0.0033934817183762,-0.0012318117078393,0.0002036132354987,7.404841744573787e-05,0.0009795249206945,0.0015408819308504,0.0006098230951465,0.0679902359843254,2770.663780506968,3279.9641019978926,17.877169026078,12.23352533736319,13.32750655836677,14.321884472591266,18.31488700991865,23.029173847053368,54.96976768740276,5775.507298519737,-0.0081701704169911,0.0059758925657835,0.0134344179632565,0.0103497094820912,-0.000752288547277,-0.0012013391364393,1
0.031669349823010715,0.37987184994933193,0.38426110136825076,0.35784963449263796,0.3949749090394707,0.41193552805946243,0.38142874366586516,0.41401798486727753,0.49719610490249566,0.5423920162451694,0.5138939421616622,0.45654955785565565,0.40759367239621586,-300.338826973749,124.61469427311735,-12.691059218077106,5.942941392094046,-4.146284171829051,5.854271786213684,-19.745705927762543,-2.7226407932036407,-17.99338533310454,-3.9908331516580513,-4.981190388165614,-16.121285400594374,-10.733774492067997,-6.752075558544379,-6.247496618364649,-12.685373341572099,-9.05401899295247,-8.656965621951533,0.3689912731917155,-12.859484904932614,0.031173799186584073,0.024130141178324217,-0.01011436906909525,-0.0010944919756965465,0.012280826773977472,0.0005179029414427421,-0.011265602375332667,0.020704897972599896,-0.00047425927275360647,0.018732747073595138,0.02448766925108101,0.014530425718677539,-0.019343392715830285,-0.025078385013698867,-0.02634715140141103,-0.005326067353562355,0.0006588479689912047,-0.013521241304726537,-0.01036701962288151,-0.011504976999305767,-0.0042284351913261225,0.017781886252381585,0.005498358966826153,0.0231509539126445,0.00866888363897234,-0.042124000935834224,-0.012295947711812286,0.010726790425625543,0.02967689381123217,-2.3700429759898004e-05,0.001635764272451475,-0.02380209317469082,0.0029687965914327926,0.0012798971127169203,-0.00037786146128812636,0.00023312679764924072,-0.0015414118253020124,0.040594374090570165,0.018153059164825285,-0.0197610361106207,0.0817348385922724,2770.6593540123617,3279.9681264934616,17.88677847511251,12.258513357044013,13.339146698414698,14.303810756501532,18.306452839501212,23.02259823345427,54.98240427512931,5775.489920464856,0.013951419482478503,-0.004150512119399687,0.02241039224221739,0.018873318465570617,-0.003928975708870823,-0.00991317858564452,1
0.0536891596977699,0.4818623960018158,0.3977478444576263,0.3329284489154815,0.2941852509975433,0.3087689280509949,0.3673178553581238,0.4193778336048126,0.4137007296085357,0.4311629831790924,0.4787376224994659,0.5510550737380981,0.546495258808136,-312.8229675292969,149.99842834472656,-10.274640083312988,27.179229736328125,9.97182846069336,10.606745719909668,-4.877507209777832,-11.83112335205078,-13.980194091796877,-2.7454559803009038,-8.131534576416016,-8.343977928161621,-7.733100414276123,-6.216866970062256,1.686146855354309,-8.716231346130371,-6.308996200561523,-8.816544532775879,-1.955355167388916,-4.962956428527832,-0.0361990220844745,0.0095230964943766,0.0190353747457265,-0.0065865376964211,0.0006165221566334,-0.0029099849052727,-0.0043130870908498,-0.0079084755852818,0.0045295432209968,0.0016308279009535,0.0021230021957308,-0.0064414544031023,-0.0004790042003151,0.0022451586555689,0.0040256092324852,0.0066695678979158,-0.0042992597445845,-0.002415805356577,-0.0015200645430013,-0.000727622420527,0.0699593275785446,0.0300077199935913,-0.0084120733663439,0.0004478385089896,-0.0036720628850162,0.0012051040539517,0.0019919595215469,0.0038134818896651,-0.0061779334209859,0.0005889504100196,-0.0013233366189524,-1.223070557898609e-05,-0.0013558402424678,0.001414216007106,-0.0007455851300619,-0.0045149470679461,0.0028900415636599,0.0002224778290838,-0.0010573883773759,-0.0006474267574958,0.0531004928052425,2051.761493813186,2397.6164363884927,20.93312569361688,11.705880269158367,14.21055440889452,14.816995697993956,18.117127108039977,20.630219184081717,53.69365520374632,3820.1469313930456,0.013085622216015,-0.0147704508365421,-0.0046606694332854,-0.0507250826023169,0.0022104922487863,0.0016057446348686,1
0.059526148232438535,0.48417999306896353,0.3957378744204679,0.3220292166611681,0.2808641603820029,0.3096706755922041,0.3840051343340955,0.4362258553298862,0.4313794504666046,0.4309889049196954,0.49137449223330376,0.5588053461886774,0.4956720113603158,-312.8133495747091,150.03792139936934,-10.271012201960392,27.180878735639627,9.971443688599978,10.615194084104685,-4.854654148037275,-11.835968603883256,-13.95788581518974,-2.7624174690189056,-8.128500724169513,-8.340090195435993,-7.706751029312927,-6.23585739911109,1.691005444279862,-8.72248494813453,-6.298759997173899,-8.801562116793415,-1.9299145116365113,-4.960389057705852,-0.03836743529300592,-0.01987486725311152,0.008969240245320293,0.02778220588600409,0.019299390588890977,0.00028189976236199553,0.007281215292893006,-0.0032079004427626344,-0.011363069579921371,-0.01792768024622893,0.01681913535154802,-0.02397259164219923,-0.0008132674064750276,0.025410529081875487,-0.024448098154974927,0.012031818374380117,-0.011582267751470548,0.017773812530461463,-0.0011043558102547335,0.01748479940325609,0.0908048480000287,-0.020371109273880937,-0.008032997449779273,-0.017700085116313418,-0.018733528860539896,-0.0024013167477490178,0.03508478358732789,-0.029428236852594693,0.021999625453421642,0.007871235375344574,0.0008182214335377563,0.05446603439420167,-0.025599288082125405,-4.7609007347005705e-05,0.027770958434737814,-0.009961682295696054,-0.0008701849261390764,-0.008274292206776026,-0.020802098122058327,-0.018448175708072896,0.038349211017531144,2051.748936435228,2397.608449751342,20.91330521831797,11.72140878963529,14.199325929806786,14.823589916248071,18.131755284835396,20.621656488770526,53.68348219688696,3820.150805707585,0.009381355360955588,-0.009342486598304407,0.0021419202753950135,-0.032757204947135965,0.02281119725403848,0.05921482832603374,1
0.0492336742109634,0.2775939106941223,0.2148537039756775,0.2514438033103943,0.3346460163593292,0.3899461925029754,0.3583520352840423,0.2852246165275574,0.2360488772392273,0.2453075349330902,0.3148089945316314,0.4700382649898529,0.4762151837348938,-287.3075866699219,142.46527099609375,-1.6625362634658811,32.50069808959961,12.210314750671388,-0.1197296828031539,-17.694143295288086,-9.691550254821776,-20.032188415527344,-10.093053817749023,-17.96463966369629,-16.699533462524414,-8.453514099121094,-13.261637687683104,-12.083500862121582,-7.602495193481445,-2.94907021522522,-7.26099681854248,0.7822384238243103,-3.762432098388672,0.199669525027275,0.0507713519036769,-0.0451819449663162,0.0426397994160652,0.0127936545759439,-0.0010800543241202,-0.0124168032780289,0.0070223449729382,-0.0126078510656952,-0.0147422971203923,-0.0107164522632956,0.0093938373029232,-0.0106351347640156,-0.0134599851444363,0.0140005629509687,-0.0040283678099513,0.0001150448879343,-0.0028310408815741,0.0137879429385066,0.01229555811733,-0.0473693758249282,-0.0113122565671801,-0.0008956221863627,-0.0142880724743008,-0.0001097679923987,-0.004448109306395,-0.0008607335621491,-0.0081762541085481,0.0039518792182207,0.0032725299242883,0.003497626632452,0.0008824531105346,0.0021542706526815,0.003195900702849,-0.0034944554790854,-0.0008300433983094,-0.0031279968097805,0.0022225491702556,-0.0059798127040266,-0.0066111651249229,0.1244989186525344,2000.1444442841484,2356.955992671446,24.37845390585734,17.26873155573308,20.98102681672116,18.081530328673036,17.69325314983898,21.62904792181805,53.20823390140706,3744.11252043968,-0.0190972096195205,-0.0100761987865465,0.0572831473930929,-0.0217719867659588,-0.0003923909512191,-0.0045633582531051,1
0.02348506541157348,0.2786136176338961,0.24047469461682403,0.24487440169680696,0.33017729843661153,0.37047066549788227,0.349162638775105,0.2882176390279968,0.2160919152226089,0.25996811940842274,0.29079334907529847,0.48065120857692956,0.4789303817789393,-287.31253671459723,142.4166102851598,-1.6827343336201093,32.479701331286975,12.204038084716508,-0.09836168592884778,-17.674165078151844,-9.689857314962055,-20.001633123456312,-10.09354378666902,-17.98050429602929,-16.713040536085007,-8.46403687156993,-13.276800211664714,-12.047192162838591,-7.642223804122953,-2.896121203522567,-7.259846868984482,0.7788744480443318,-3.7532786892334187,0.19781883148901366,0.009398384871066763,-0.04282529203847428,0.07752575406677359,0.009725308458747785,0.038091589087182284,0.024754171849231926,0.0013481504143557808,0.006814480505570162,-0.004974074023898141,0.021936211092079536,0.017486309527036663,0.02714091417262804,-0.03963468832997308,0.022230166132722044,-0.04039899514721073,0.0027769424294603997,-0.014805901796981484,0.015388676332239119,-0.0056916475614901384,-0.051934570222948735,-0.0042293808005327655,-0.0060009260453126176,-0.017982964100402017,-0.01695706197993683,-0.018795422141444286,-0.025375552657416933,0.018189115641934282,0.013204283888369224,-0.027984311378908326,-6.640340704294496e-05,-0.018482511196360046,0.021698224057293596,0.02657189995369586,-0.004074956597095379,0.008392224986956097,-0.010050592754986615,0.023599819572566336,-0.009033957278675378,0.017770777924611767,0.12597113114418793,2000.151630123525,2356.962825167528,24.397705943688305,17.30080620914347,20.985095549796814,18.10224443102088,17.69302728721407,21.649824677655147,53.21579305737659,3744.0800303684086,-0.0313314994875042,-0.0022336385499452105,0.057875549242061904,-0.018587975295723758,0.009207754381519256,0.017023042898601282,1
0.0723830597310126,0.4798738062381744,0.3953153491020202,0.3271834552288055,0.3042564392089844,0.3146468698978424,0.3999521136283874,0.4414590001106262,0.4128602147102356,0.387345403432846,0.3842657506465912,0.4771146178245544,0.5152718424797058,-304.6396789550781,132.253662109375,-6.005703926086426,27.8850040435791,2.70335054397583,22.16146850585937,-19.56578254699707,-0.7680169343948364,-12.363142013549805,-7.970827102661133,-10.124896049499512,-7.64896297454834,-11.370485305786133,-9.973209381103516,-2.614986658096313,-8.12726879119873,-1.5534228086471558,-9.176875114440918,2.3669605255126958,-6.204094886779785,-0.0157615281641483,0.0339113287627697,0.0107066109776496,-0.0243399925529956,0.0071922345086932,0.0062134522013366,0.0092898765578866,0.0011190882651135,0.0005075533408671,0.0120029142126441,0.0084478231146931,-0.0046314368955791,0.000783464172855,-0.001130998483859,0.0058007529005408,0.0027038902044296,-0.0013316283002495,-0.0048203128390014,-0.0007895802264101,0.0010058924090117,-0.1228913590312004,-0.026997348293662,0.0249561686068773,-0.0080190049484372,0.0048341262154281,-2.6930521926260557e-05,0.0097346268594264,-0.0029977767262607,0.0098589491099119,-0.0026921529788523,0.0010084515670314,-0.0003246461274102,0.007141294889152,0.0037341194692999,0.0046326564624905,-0.0004200578841846,-0.0032245477195829,0.0018536405405029,0.0029091341421008,0.0027420315891504,0.0599329955875873,2705.6507402213,3115.661387211246,20.37792178713796,13.54270431332981,17.267190263445375,15.635175678613017,17.268299888461808,24.14952849413592,56.28738359746333,5267.704212816456,-0.0076017790235626,0.003703255027901,0.0538065387204124,-0.0128335659226572,-0.0074706681950273,-0.0088787655334657,1
0.05732814490241954,0.47979764766736216,0.38550871461669484,0.32064283919269443,0.32847675855345615,0.298975430603303,0.3767979325589487,0.42655644235555645,0.41093966419818845,0.3370405724520222,0.3830643166111517,0.4483613975866233,0.5235886928355592,-304.64254245356506,132.21414851882696,-6.012764108221379,27.887442225623445,2.737924120189924,22.14642482757685,-19.599760047837645,-0.7777850620858698,-12.3434729689563,-7.95222524411239,-10.135401717865575,-7.652274679565653,-11.375703756418583,-9.995161422844806,-2.626310671736272,-8.10536078615595,-1.5823327334148702,-9.209527317986577,2.4005714121161152,-6.1967538018035455,-0.026445015846301163,0.015731401224729085,-0.0052424512302980345,-0.0009210665788066084,0.001375286587789036,0.013725696249124926,0.0008732944207442139,-0.024187359036087843,-0.01660057139074419,-0.01565158037627093,-0.007454265188308747,-0.006256335115828259,0.02954262174803533,-0.029947680093990688,0.03183978346328512,0.007294559840832033,0.027817575304820215,-0.02687470869907622,-0.010207708903187947,-0.002269436737750984,-0.13922351962238483,-0.035127753573785565,0.011481792656547349,0.016948196422566234,0.018841499424581062,0.022470378249524057,-0.02454218343465457,-0.013974396498061772,0.027478914402274644,-0.011935336502088216,0.011640085415023453,-0.061776600524355296,-0.04125165020264171,-7.54789124234683e-05,-0.023874511810670452,0.0037132951047376237,-0.028473945350750273,-0.00794953905194031,0.02671048285593679,0.0033337067316341167,0.05113536780806098,2705.6346914111277,3115.6807283063945,20.40669116831891,13.519349408214381,17.2495757872362,15.6331458581655,17.287415601266318,24.1446204668948,56.25614071667659,5267.713341381064,-0.02898152500524129,0.020598686368310987,0.06417696216373273,-0.022921629081943083,-0.0046431734228711136,-0.018133403184607124,1
0.045522585859288,0.5959491729736328,0.5161201357841492,0.4117196500301361,0.333625316619873,0.3085985779762268,0.2820495069026947,0.2682056128978729,0.2898388803005218,0.3383606672286987,0.3646582663059234,0.4634538292884826,0.5557364225387573,-378.6244812011719,169.24404907226562,10.075998306274414,5.526612758636475,4.095398902893066,4.485948085784912,4.782496929168701,-17.339933395385742,-12.37378215789795,0.8521807193756104,-9.16596794128418,-9.357158660888672,-10.4359712600708,-9.440563201904297,1.4668123722076416,-3.6628072261810303,-9.569571495056152,-1.768286943435669,-0.7283433079719543,-5.265206336975098,0.0251478254795074,0.0258756428956985,0.0046650725416839,-0.0048644728958606,0.0048590418882668,0.0078396098688244,0.0014016148634254,0.0028917961753904,0.0009301676764152,-0.0025003305636346,0.0036278725601732,0.0038651071954518,-0.0014024396659806,-0.0021642525680363,-0.0021497176494449,-9.628105908632278e-05,0.0010027211392298,-0.0001875162124633,0.0017570866039022,0.0005755276069976,-0.0629045963287353,-0.0415886305272579,0.0112267425283789,0.0009444064926356,-0.0099197244271636,-0.0006435145623981,0.0042848540470004,0.0055374326184391,0.0041505368426442,0.0023499552626162,0.0005192475509829,-0.0036054521333426,-0.0020394299644976,0.0025524708908051,0.001996545586735,-0.0008941079722717,-0.002115880139172,-0.0006720899255014,-0.0006019283900968,-0.0044581000693142,0.0498253367841243,1669.4082147726838,2002.1358332833984,21.502427571145603,13.7397477558571,16.841457926602832,16.220749527825475,20.20797087545173,20.69423652469659,51.77832249814651,3231.944565141824,0.0139077573765812,0.0232900569923941,0.0489685347376782,0.0496069627036511,-0.009290169669382,0.0089004133921284,1
0.020149543448558266,0.5793878438517045,0.5044009379531538,0.40010386859923314,0.34412244616810433,0.32550289123445697,0.2829116503461025,0.31745142746099664,0.3213701069897707,0.3212055995330942,0.3408363854495051,0.4564509707079835,0.5199009370269572,-378.6354158774202,169.24088971139048,10.055822310599842,5.531999911115983,4.128213967495563,4.490377554099084,4.7971360131260115,-17.306178553719004,-12.370319382230326,0.8259417329196792,-9.160481372366437,-9.343588627803069,-10.437974004866668,-9.426364658216015,1.4748639265996653,-3.653686789211665,-9.544742926245005,-1.7608967080809739,-0.7673696519684804,-5.259600649936267,0.029056092013917158,0.01664227599773587,0.029782477818326325,-0.0020128657884134287,0.006446154798491,0.030546233188285032,-0.00967500001116417,0.008281912428229609,-0.001533639724626129,0.0052888250067957806,-0.00017104423991600413,0.042378181504676385,-0.03027968126806016,-0.041109405977385806,0.014387308492853287,0.015718066188606307,0.00685064452434487,-0.030646091490672187,-0.018565064295164198,0.04154948620516888,-0.04512966122438414,-0.024079062784043544,0.018450741105676495,-0.02392993858813225,0.02627923798634922,0.0017679284998355525,-0.006690725882050765,0.003368079748308069,-0.000434561945855054,-0.02597288387928062,-0.030054644967785597,-0.03730922787721328,-0.003618644461278621,-0.0022926542672287494,-0.014941387670681795,-0.016692812247944788,0.012732497389705322,0.005612540247471344,-0.009145232135769597,0.052074390088496514,0.05485003029413023,1669.393818330086,2002.163918497569,21.528459737812287,13.734566633190482,16.82424193572831,16.21218153980096,20.229716447665748,20.70316321833895,51.78529561455142,3231.9724491898023,0.06570794607449527,0.04249898964810191,0.04051462949104495,0.027616631864776135,-0.045247361820531,0.018658529969868914,1
0.0446332440560933,0.3661589324474334,0.3475724458694458,0.3681685924530029,0.401860237121582,0.3744165301322937,0.354175329208374,0.3888148665428161,0.4747486412525177,0.5588089227676392,0.532128632068634,0.471141904592514,0.4150877892971039,-377.1449279785156,169.16287231445312,1.4718639850616455,10.624955177307127,3.893742561340332,11.563926696777344,-13.937980651855469,-12.77160358428955,-3.734798192977905,-8.092253684997559,-7.304952144622803,-13.815107345581056,-8.50248908996582,-9.5908203125,-8.972671508789062,-4.401504993438721,-7.716169357299805,0.9684722423553468,-1.0706976652145386,-10.907761573791504,0.0390958338975906,0.0361737124621868,0.0138626946136355,0.0051385667175054,-0.0043901745229959,-0.005910207517445,-0.0067846933379769,-0.0033420147374272,-0.0025849537923932,-0.0069893547333776,-0.0003726237919181,-0.0017610003706067,-0.0065187611617147,-0.0013338580029085,0.0039210994727909,5.120731293573044e-05,-0.0070863417349755,-0.0044053178280591,0.004231393802911,0.0031734507065266,-0.0872362032532692,-0.0693751946091651,-0.0080298446118831,0.001447305898182,-0.0063746054656803,-0.0119527811184525,-0.0027372390031814,0.0021044688764959,0.0033654135186225,-0.0012848943006247,-0.0026806658133864,0.0013305388856679,0.0012104159686714,0.0031643765978515,0.0037061211187392,-0.0005031073233112,-0.0003658687928691,0.0028562133666127,0.0021708684507757,0.0005830090376548,0.0326130464673042,1786.1837634195106,2320.3427893629632,18.675266211926758,10.23995676889844,15.162272153147834,15.54435149864683,17.35391937651541,21.116926517821003,52.545467346334334,3118.169679402762,-0.0225360551856948,-0.0036938064505694,0.0202926842290015,0.0323303824225396,-0.0136771966268953,-0.0013043665718143,1
0.01750251417114551,0.386885882656158,0.3701058422513568,0.3701368629893262,0.4099592438337229,0.3294304172871405,0.30813981523442113,0.37351690582430797,0.46390200063240683,0.5557447333834287,0.5225589393430337,0.45695427187386994,0.435496738445587,-377.1695660430131,169.13832348929373,1.4354451010771954,10.604252117024277,3.9075943413068184,11.566144597301445,-13.95541759090135,-12.758414572585426,-3.7064996682977305,-8.071564410315844,-7.316993106975919,-13.842706154622528,-8.477000562023896,-9.589534579336782,-8.985662414031951,-4.399070274941987,-7.723777659860744,0.9801543141297681,-1.0794251741306105,-10.906208668935113,0.05079503836956033,0.021596595026889757,-0.009338846263810376,0.034637421238529226,0.02275206667987062,-0.005388719306399437,0.015559174792915097,0.0028501679665589663,-0.02676525875403117,0.010489593412609499,0.002558113841436077,0.01015338526943534,-0.0073704391229800475,-0.004275328539692949,-0.014155857733248237,-0.040348495472664433,0.01584714169067349,0.012190660623865344,-0.011575730782830392,0.01647992642576347,-0.0696462159593495,-0.09647595006437391,0.00977261863050345,0.03774341128642072,-0.002638868103986838,-0.016247634743782047,-0.003479196713005938,-0.008004047194611374,0.00555794810324215,-0.0071458607315370085,0.01111718551518372,0.02140201934746853,0.005367352086353105,-0.01706823675293551,-0.00534404252260481,-0.0038769468260674332,-0.011997189709141981,0.006533462107206802,-0.006882046406476452,0.0056547997217603575,0.06009943427213138,1786.1608095730126,2320.3438699460708,18.727244320965365,10.22999010606723,15.160331336844926,15.52872314443085,17.368385991755137,21.117453272184246,52.56359256222835,3118.1622039117547,-0.0639126794322487,-0.04707390410752114,0.016215875428915106,0.015676988668086367,-0.021444669789419387,-0.04014129444725748,1
0.0466268744899347,0.281536340713501,0.3241038918495178,0.4008936882019043,0.3517966866493225,0.3115644752979278,0.274601548910141,0.2305351197719574,0.2355708628892898,0.3392577171325683,0.5147466659545898,0.5205605030059814,0.3563445806503296,-280.5237731933594,161.95118713378906,-10.095210075378418,12.95119285583496,4.1460676193237305,-0.8783754706382751,-18.968595504760746,-3.391247272491455,-3.4906487464904785,-19.92925262451172,-11.29094696044922,-15.825637817382812,-17.00469970703125,-9.26365089416504,-0.0884137749671936,-8.939324378967285,-11.969226837158203,4.1154327392578125,-2.648689031600952,-7.792962074279785,0.0245152451097965,0.0311330519616603,0.0158733408898115,-0.0028551493305712,-0.0015410588821396,0.013068838045001,0.0108431549742817,-0.0033297813497483,-0.0011063400888815,0.0107554458081722,0.0063543184660375,-0.0070704375393688,-0.0063118068501353,0.0051320670172572,0.0094009330496191,0.0032381175551563,-0.005587306804955,-0.0107656605541706,-0.009544507600367,-0.0031343300361186,-0.0074890186078846,-0.0169605426490306,-0.0179335083812475,-0.0028285607695579,0.0044302581809461,-0.0020973144564777,-0.0012176174204796,0.0057695605792105,0.0026624524034559,-0.0025005480274558,0.0028220326639711,0.0078334817662835,0.0017935091163963,-0.0062672807835042,-0.00608941167593,-0.0013195441570132,0.0008439571247436,0.0012063401518389,0.0027380383107811,0.0025845491327345,0.10100719332695,1796.1278208115,2058.2413315731965,23.90959177504264,14.01296276633467,18.507690323744388,16.682569257453988,17.217644156143972,27.510466478038325,52.34651125143301,3330.6171471198318,-0.0201931698997695,0.0096413358374458,0.0650652980503358,-0.0846953054371172,-0.0020149327145823,-0.0010316034278455,1
0.03934163580945976,0.30237888534044416,0.32616619379262674,0.4114289313279385,0.33892242246148396,0.28656021206183463,0.27269757603530415,0.24365447825306744,0.22779088430202798,0.32221429366161175,0.5136571272320326,0.5102192330021841,0.3842077556494657,-280.56166604864694,161.94351430918888,-10.097285713483743,12.978563335615286,4.143658322042188,-0.8608738521539334,-18.931403452830253,-3.3843668966882627,-3.4732674020282785,-19.928151691752632,-11.275519540275004,-15.828724975376968,-17.02320196193848,-9.244607780877535,-0.08374787408995968,-8.931168697757585,-11.951227252658569,4.120635492152066,-2.645715071229522,-7.766657771958036,0.031720935995369154,-0.0022825573331919057,0.025412954935837697,-0.0016515084311745838,-0.03275877082106627,0.004691680520040868,0.015528141103753116,0.025269639914524827,0.023432472875866917,0.0017647455260026146,-0.050318756175195635,0.023625974915876147,-0.02861373122949193,0.025454188794242927,0.013998281350919767,-0.011041675926998458,-0.0029695971672164794,-0.015633232466256107,-0.01475394159138789,-0.02173890672795711,-0.02611260059072476,-0.04289829476051718,-0.042485984795278396,0.0018644514827955132,-0.010300150860760197,-0.011123802003278454,-0.019399313501588935,-0.007869688596342926,0.01500636642876688,-0.005626020784093699,-0.013167374849731777,0.0012653077074057028,-0.0004117861184124089,0.02427908596305262,-0.00803159028862339,-0.01983180695568902,-0.033876113588680555,-0.02114006564045607,0.011164856889933168,0.023523577296138562,0.1031604059282038,1796.135550721207,2058.249510016197,23.88862012339768,14.01714439782942,18.494989299202725,16.654799362656732,17.212241550030434,27.539795456466504,52.37644057903799,3330.6368578436573,0.010160948193804677,-0.045320331784536656,0.07910731049306338,-0.07376826514698015,-0.0030042352726832545,0.025110296606906442,1
0.0650070354502688,0.3662604391574859,0.3343068659305572,0.3226573467254638,0.3570934534072876,0.3687057197093963,0.3724453449249267,0.4361716508865356,0.4956832826137543,0.6179010272026062,0.6009429693222046,0.4768446087837219,0.4133459031581878,-350.8705139160156,142.16685485839844,-15.918628692626951,27.12249755859375,17.44441795349121,15.09829044342041,-25.19489288330078,0.1121333986520767,-1.1739745140075684,-11.247425079345703,-7.559911727905273,4.814456939697266,-16.805171966552734,-7.532918930053711,11.302144050598145,-11.44765281677246,-4.627241134643555,0.479779303073883,-2.908287525177002,-4.674286365509033,0.0448408238589763,0.048164889216423,-0.0055769952014088,-0.0075353551656007,0.0080929892137646,0.0007589734741486,0.0072851823642849,0.0033121474552899,0.0034719409886747,-0.0110384263098239,-0.00959780998528,0.0019184133270755,0.0032557069789618,-0.0052477824501693,-0.0043772938661277,-0.0026696100831031,-0.0049530644901096,-0.0012407469330355,-0.005261015612632,-0.0004828001838177,-0.1046882942318916,-0.0458104722201824,0.0319905839860439,-0.005387919023633,6.338601679090061e-07,0.0072929887101054,0.0091426502913236,0.0074730035848915,-0.0002901358529925,0.0035757313016802,0.0039662308990955,0.0078500229865312,-0.0008031085017137,-0.0042812963947653,-0.0067171165719628,-0.0031633996404707,-0.000978306052275,-0.0081496182829141,-0.0039193034172058,0.0002397936477791,0.0254162792116403,2518.461631769587,2905.70292745376,20.278434740745144,10.982840183564935,14.999403919215188,15.821630667456096,16.401317834251444,30.704082487858173,55.30704583373793,4768.533620526714,-0.0462633333094206,-0.0328439083682199,0.0005122699248424,0.0859481172325708,-0.0298889363354152,-0.0141436016140599,1
0.05546753000847332,0.3873496071957766,0.32064803919701623,0.3112126340617674,0.36530474925567186,0.37877450316055034,0.4162456481433321,0.4309004929060124,0.5058350923572745,0.5893902916191557,0.6210419031974174,0.5171979780316692,0.4074850293299996,-350.887100660384,142.15910184313822,-15.896696502669656,27.14351663927235,17.45778825129328,15.077348573501695,-25.200328366452105,0.11847125060847963,-1.198994624613328,-11.262138071280994,-7.532250309378103,4.818477728456685,-16.7946368810186,-7.490910527465989,11.30636485468497,-11.425983143926096,-4.607511887435412,0.48493012770074373,-2.927105861685868,-4.7089675462065514,0.04854985874855149,0.07202387572852878,0.017992194268745966,-0.016499337263170703,0.01713472555863875,0.009566808554568453,0.021241027262696596,-0.0006213775092029396,-0.009570478666750811,-0.009728088542055802,-0.04559662710072018,0.010542208245420756,0.025680696220317153,-0.037269264498865466,0.011837122557557941,0.006563440909758873,0.006084334221150927,-0.006769125433460513,0.011860091516749936,-0.0013144420315698794,-0.103686292090251,-0.04907322417991204,0.041801732098999095,-0.0008416666978872641,-0.008042029127214929,0.04161770647433026,0.03705588349065233,0.02072730428723274,-0.0312601541429102,-0.015593369741293776,0.02427733068016922,0.0015438211074885267,0.007843879429022363,0.046011723518011506,0.032652750780014464,-0.013600561410510222,-0.007981770434585287,-0.00700471213653329,-0.00936932218967636,-0.013909294864738422,0.05829712941134674,2518.4117993989444,2905.694074855271,20.287914408129577,10.994358841176652,14.98568614008095,15.795872718282721,16.394651137051092,30.721700687146704,55.34585745116544,4768.5214002787,-0.04955926552128348,-0.004509116546130447,0.0039606726653641814,0.07015661375514759,-0.020096406000169695,-0.020521439292338267,1
0.0588300517682643,0.3967352211475372,0.3710683584213257,0.3164028525352478,0.3059918880462646,0.3081987202167511,0.3768815696239471,0.357173889875412,0.3373317122459411,0.4133175015449524,0.505868673324585,0.5483816266059875,0.5178300738334656,-417.3646240234375,114.3220672607422,33.031307220458984,-6.981932163238525,-14.277107238769531,9.275511741638184,-8.377479553222656,-10.77468204498291,-8.061603546142578,-9.507610321044922,-6.166088104248047,-11.114113807678224,-6.459044456481934,-6.231015205383301,-6.142866134643555,-8.69632625579834,-7.5898237228393555,-2.9856114387512207,-6.362087249755859,-6.0206074714660645,0.0123801603913307,0.0152902789413928,0.007711115758866,-0.0003904073673766,-0.0013681263662874,0.0023182602599263,0.0034347423352301,-0.0001401916815666,-0.0032469262368977,-0.0017391331493854,0.0002512434730306,0.0003238776116631,0.0005748481489717,0.0001904621603898,-0.0006703458493575,-0.0005662888288497,-0.0005330737913027,-0.0007634871872141,-0.0007424686336889,-0.0004032822034787,-0.0267764963209629,-0.0270782709121704,-0.0057343789376318,0.0061714486218988,0.0041337190195918,-0.0005309984553605,-0.0009479426080361,0.0009739673114381,0.0012764212442561,-0.0008332375437021,-0.0012108541559427,0.0008589615463279,0.0009838074911385,-0.0013005614746361,-0.0026892060413956,-0.0020594897214323,-0.0016507193213328,-0.0022199852392077,-0.0003678294015116,0.0034598710481077,0.0330850556492805,2353.8157683874665,3056.467564925184,14.08201961396374,13.960074094189826,16.5268265417903,16.45609044208312,20.629649990602037,26.957470716780783,55.56757946414772,4706.593069269137,-0.0079960516624109,-0.030038991054046,-0.0068931957887637,-0.0775873056760689,-0.002078718867646,-0.0060731055097285,1
0.03340397240844124,0.39039177169468825,0.4191460187993045,0.32947156452694093,0.3257933449225976,0.27488639056022396,0.35712005387987084,0.3799308415358346,0.31307404501355907,0.40697949881583995,0.4797541611929681,0.54670343045762,0.5371018813053953,-417.403825480231,114.32430835241335,33.0282353975314,-6.990378456568354,-14.259247350452213,9.308630725439722,-8.401202142251625,-10.805212696494078,-8.078634468880683,-9.529401917234967,-6.213450079366957,-11.0900928032812,-6.462102751097033,-6.208279605268892,-6.165778838900291,-8.671423800773958,-7.56632240062729,-2.9833558077787665,-6.349008926616488,-6.027687336278144,0.029094702814476868,-0.0027596660946904075,-0.011867821352943838,-9.476007461939898e-05,-0.04270175301376025,0.009623749525180289,-0.005135442779540126,0.009143913428233105,-0.012848556113126804,0.03499217872123316,-0.014451183927195285,0.020521141168387862,-0.029473680926129724,-0.021352580042863372,0.0061523667000200405,0.007215882878274206,-0.04035194489888657,0.01228362167714339,5.778645795708132e-05,-0.024577632335545826,-0.023324194157317513,-2.9976830435807927e-05,0.011218589122861146,0.05183442796238148,-0.04179960508023848,-0.02545542799368977,0.008875189733870532,-0.009159329838414798,-0.023998262904095822,-0.03575385910114723,-0.018904147026771064,0.024560407017315256,0.03514234795918373,0.002392931523602658,-0.03381752978926941,0.008251365425777734,0.00817481998959519,-0.000310053285307885,-0.013667540503057391,-0.02620020832605687,0.033048912032170745,2353.801781841403,3056.4523861888274,14.077993810890836,13.944599415736427,16.54338019335521,16.450434854755315,20.640892591230084,26.953317552810628,55.568253480279765,4706.593960232972,0.009887197632926914,-0.021353581687333797,-0.001307289877129681,-0.08729100630576975,-0.030310777957985528,-0.012301873485678183,1
0.0535681632674694,0.2873700559139251,0.2395350188016891,0.2365812063217163,0.2914333045482635,0.4175013303756714,0.5551259517669678,0.5846898555755615,0.5632715821266174,0.4570972621440887,0.34061199426651,0.2857083976268768,0.3037121295928955,-333.7734375,136.9033660888672,-0.6613159775733948,25.44401359558105,-0.5104183554649353,7.792812347412109,-10.299790382385254,-16.84560203552246,-7.739702224731445,-13.000116348266602,-18.536386489868164,-13.095178604125977,-3.0771517753601074,-7.589823246002197,-14.62360382080078,-7.231376647949219,-4.321362495422363,-12.5859375,-6.465250015258789,-6.458419799804688,0.1068413406610488,0.0211254004389047,-0.0171613451093435,0.0139952031895518,0.0023018671199679,0.0017934145871549,-0.017078723758459,0.0088021289557218,-0.0072726872749626,-0.0004551879828795,-0.0032652360387146,-0.0034018403384834,-0.0028141448274254,-0.0079359272494912,-0.0018786336295306,0.0008725550724193,0.0022002572659403,-0.0020921272225677,-0.0040763593278825,-0.0019768336787819,-0.0140679311007261,-0.0240886379033327,0.0180183686316013,0.0053551876917481,-0.0087652169167995,0.0076003884896636,-0.0062026847153902,0.0063495635986328,-0.0011031854664906,0.0041623567230999,0.0007846556254662,-0.0001290281215915,0.0047150668688118,0.0038034059107303,0.004108905326575,0.0015228978591039,-0.0015738705405965,0.0020796223543584,0.0026901052333414,-0.0036874962970614,0.060445848852396,2042.4836584870764,2352.498566353306,23.82795614008354,13.817519931847906,16.135892683056294,15.279196008689398,16.022657917681673,19.65065419174036,54.36901508776689,3673.222609873219,-0.0070018318119489,-0.0148546797353929,-0.0361997732131907,-0.0419911234884423,-0.0126993286358683,0.0083188753714248,1
0.02098659376471964,0.2748827892214692,0.2354347401192352,0.22133952427357614,0.2979542497191381,0.41487515270692293,0.567027898087753,0.5712901197831765,0.5336514452345733,0.44059386943433304,0.31336170559697624,0.2791963210840731,0.29338287049478406,-333.77607813470763,136.87356893984793,-0.6708561053157097,25.444241334476114,-0.5066714660421519,7.769393258615949,-10.303181319037892,-16.881230834772577,-7.748533847145129,-13.040251045150946,-18.533882877931855,-13.112073824331198,-3.070023841500861,-7.598064215664186,-14.655838545653168,-7.240799314373252,-4.323438327075227,-12.592250658277177,-6.4650513793675275,-6.4445872997850175,0.09512003453082706,0.0045288504793985565,-0.02395504826565028,0.010872631518246186,-0.03387650001688322,0.007309795015439248,-0.015445491604895879,0.0011793903166005338,-0.006653955732316313,-0.05848784524300074,-0.04492017518306602,-0.0034386649161969587,-0.008328180964033259,0.016135190958825617,0.018376963540006334,0.006403206663600101,-0.0017050364401845226,0.017521686713732814,-0.020712519726762257,-0.01486498534684741,-0.007868889076735674,-0.008201657129957431,0.03983410458186995,0.024839682815166735,0.00023867546543014477,-0.0011084436403573416,-0.015991760343767966,0.02529858531860263,-0.022275111340581744,0.0002286365401501858,0.00335397521116609,0.039948369222277264,-0.007166907978798366,-0.014407878127298216,0.033379067146945184,-0.015879702470812686,0.003661232282796758,-0.004083720395620244,-0.0184571812067675,0.03275433706466271,0.04033423249584555,2042.4900426177817,2352.50608866378,23.829235176312814,13.815208165592834,16.121545563937104,15.248146873571633,16.011649482185643,19.65832209938881,54.36312901986684,3673.1906681465566,-0.036649872420964354,-0.03933782044963013,-0.04907133545963171,-0.023769709049358753,-0.016404330720758534,-0.002836826692423678,1
0.0602260582249518,0.5501741170883179,0.5203967094421387,0.455745130777359,0.4130605459213257,0.3859955370426178,0.4260585010051727,0.4271059334278106,0.41482013463974,0.4039904475212097,0.4220714569091797,0.4252037107944488,0.4711978435516357,-356.56744384765625,129.40003967285156,10.279300689697266,26.702526092529297,7.574644088745117,20.54564094543457,-14.757782936096191,-7.542340278625488,-9.26450252532959,-2.158346176147461,-5.322579860687256,-16.63545799255371,-8.575639724731445,-8.8403959274292,-6.591822147369385,-7.431426525115967,-2.975332975387573,-3.0944881439208984,-3.623420476913452,-6.420631408691406,-0.0117688039317727,-0.0042264051735401,0.013986712321639,0.0131891360506415,-0.0001442859647795,-0.0061054984107613,-0.0039029975887387,-0.0055339108221232,-0.0088317394256591,-0.0047124088741838,0.0006499566370621,-0.0010244409786537,-0.0049067242071032,-0.0051462515257298,-0.003306339494884,-0.0030490397475659,-0.0041167796589434,-0.0044034142047166,-0.0043223979882895,-0.0035035563632845,-0.0808379873633384,-0.0827810615301132,-0.0221370700746774,0.0114646917209029,0.0060786781832575,-0.0079429876059293,-0.0069743716157972,0.0018974719569087,0.0033945904579013,-0.0022164331749081,-0.0053149461746215,-0.0026549485046416,0.0001040497299982,-0.0011303618084639,-0.0030012491624802,-0.0017311795381829,0.001681066933088,0.003880267497152,0.0027305791154503,-0.0004981282982043,0.040915872901678,2481.1050449203008,3130.61981203671,18.983719864715717,10.634263701355914,14.4115534743008,15.81919446015946,17.255696955598946,20.141069218077394,55.60190181176782,5298.723836027818,-0.0311352439605698,0.0178489028403973,-0.0379603437770711,0.0302449755091575,-0.0122245640644379,0.0060870998018862,1
0.08650063428863716,0.5819121959348454,0.5236289413252877,0.46182136997937434,0.4089410742212444,0.3828830417786348,0.43884351875851707,0.4124257566397378,0.40893268046405135,0.3539190116347783,0.43897034646930094,0.42015098166843884,0.48564400703104077,-356.54213057504967,129.41679829394445,10.30208667211034,26.704820600876776,7.565594185108771,20.57228107269472,-14.728914073817734,-7.531392493859382,-9.276884843685005,-2.1549947079811838,-5.343531915779341,-16.678703578650463,-8.5522185131558,-8.831377817854296,-6.583579095347282,-7.45371835352127,-2.9755097234071717,-3.1111975084488455,-3.6360074788827297,-6.379978575933286,0.004641053284803248,-0.0060425883785218334,0.007899796441447633,0.024015216272877615,-0.012270702679141678,-0.00016048949976082104,0.0006502963622127145,0.03123247502156435,-0.027302033559802447,-0.009454354387176442,0.055412999300061536,0.02412551675881212,-0.011891698078091074,0.0005836434619877345,-0.003376530491257632,-0.01757489292235731,0.003126148128953259,-0.00468087448206345,-0.0014014524818035516,-0.02093961413739937,-0.06795639655623457,-0.05429948879230664,-0.02356945410807982,-0.0025394586780663163,0.009468132659523721,-0.03139490477989322,0.004381433338916229,0.00651725489464246,0.017908802937182146,0.0033947602054847617,-0.0025718223187234496,-0.01992426435837648,0.015974952215235365,-0.02300515210800775,0.023999298087252093,-0.010138365674616836,0.002101439191145962,-0.004111383010252002,-0.004343672557529122,0.04079986854944579,0.032879238006494095,2481.1676927665467,3130.600925285157,18.94981007516967,10.636262874437245,14.431693635704816,15.825811859637595,17.26433356723357,20.140609378255284,55.616447221527864,5298.693851744635,-0.03330576219105394,0.025507267248588483,-0.045034618835513684,0.0425753256600727,-0.0005461766388724244,-0.004116527219391517,1
0.0690203837540716,0.2926645576953888,0.2871507406234741,0.28579181432724,0.3140194714069366,0.3568696975708008,0.4597099125385284,0.5532404184341431,0.5531908273696899,0.4701972603797912,0.4098516702651977,0.3640097677707672,0.3287857472896576,-361.1607055664063,120.4255599975586,5.245987892150879,30.16924285888672,-10.537062644958496,12.088157653808594,-8.108381271362305,-10.693851470947266,-9.24889850616455,-12.869890213012695,-19.946680068969727,-4.245967388153076,-9.920008659362791,-10.088276863098145,-1.0219932794570925,-5.993621349334717,-0.5903400182723999,-5.273342609405518,-4.813480377197266,-2.8216757774353027,0.0303133595734834,0.0247861091047525,-0.0019870693795382,0.0004878662293776,0.0049716862849891,-0.0027111512608826,-0.0007409515092149,-0.0003261050442233,-0.0032604658044874,-0.0036874169018119,-0.0013331260997802,-0.0048509747721254,-0.004031668882817,0.0055773458443582,0.0020324168726801,-0.002618797821924,-0.0021595237776637,-0.0019825315102934,-0.003012269269675,-0.0031477950979024,-0.0591311082243919,-0.0420607589185237,-0.0022262877319008,-0.010477096773684,-0.0089852940291166,0.0002058420650428,0.0068631800822913,0.0064011351205408,0.0016486165113747,0.0084095178171992,0.0048365029506385,0.0010845459764823,0.0040459632873535,-0.0038563234265893,-0.0013488425174728,0.0036507053300738,-0.0012564688222482,-0.0004994684131816,0.0020282480400055,-1.729808354866691e-05,0.0358616597950458,2758.9532457094783,3193.7596305245625,20.98526420737593,13.32353211096377,16.812133067184025,15.253537882381517,17.398828293888158,20.562044187974184,57.16460993811113,5617.991653094463,-0.0113701897945234,-0.0247461190255039,-0.0337381897081627,-0.0713961452973783,-0.015141296776334,0.0146660831521025,1
0.07857263386027011,0.2876293449519955,0.2869375437815822,0.28580028140329683,0.28736854424577685,0.37676783355238924,0.48867403754604705,0.5208050396001437,0.520775537092364,0.4625426485720924,0.4217716374135441,0.36891730380559745,0.3388872929326707,-361.15836992028545,120.45056871298333,5.251286532396454,30.17170257642139,-10.525043620331271,12.073160103181042,-8.096366837593067,-10.694463916048704,-9.244459879780925,-12.853657093121553,-19.938582758489606,-4.200753338332729,-9.936332331629455,-10.096024921027041,-1.0434959047197299,-5.994778634186752,-0.6087597178154961,-5.268354017577172,-4.816892545040164,-2.847714875625686,0.045654777176406064,0.014859536480085938,0.0006638256679315701,0.015293418753437912,-0.003392249160052571,0.009293799498079796,-0.0070960008076013,-0.00394394573909048,-0.0410595017125842,-0.008388684442934809,0.023542654401990094,-0.023654390896715283,-0.0234844091369726,0.019127008301807188,0.018675165445486933,0.014303998894828755,0.018750017181125712,0.009643665367026507,0.0223346989760776,-0.01956357978166948,-0.033244449472650414,-0.04315309706784705,-0.003094468092198381,-0.0011918559556847088,0.006010710536285957,-0.04378577239677606,0.016013674220414328,0.01716277303236658,-0.013282492644653518,0.002029505391831169,-0.013657122640367393,-0.0035261769650099975,-0.016034262251686415,-0.0002361687641138071,-0.0228018367757324,0.021583512068524317,0.012157767217382594,0.015583529748486254,0.03829709235909335,0.004499003802353452,0.057595920434621264,2758.9454908494577,3193.791272250562,21.00181358044343,13.340407524790988,16.81563752384546,15.212040240573778,17.39047596385927,20.576370765680608,57.19315342675241,5618.039703492881,-0.0218326076433365,-0.019572632388799565,-0.028666395137367823,-0.044308259446451996,0.026184853426821905,0.017573616582605877,1
0.0702160250756048,0.4858721196651459,0.4653334021568298,0.433649331331253,0.3735308945178985,0.3145792186260223,0.3228830397129059,0.3464858531951904,0.3680979013442993,0.4425009489059448,0.5031813383102417,0.5026904940605164,0.4824488461017608,-307.621826171875,129.50799560546875,-0.2731370627880096,37.43064880371094,-7.056486129760742,10.010228157043455,-17.18667984008789,-6.731545925140381,4.706459045410156,-16.457897186279297,-10.105364799499512,-1.4767876863479614,-7.684211254119873,-10.024612426757812,-1.655168056488037,-9.495562553405762,-4.488107204437256,0.5517573952674866,-3.921330451965332,-8.387560844421387,-0.0676462575793266,-0.0031545208767056,0.0399543344974517,-0.0142193306237459,-0.0008618939318694,0.0181662999093532,0.0115892188623547,-0.0048432904295623,0.0046093212440609,0.0096441032364964,-0.0050648297183215,-0.0031557243783026,0.0054855663329362,0.0026398850604891,-0.0113872839137911,0.0023992753122001,0.0064192051067948,-0.0086016496643424,-0.0030008654575794,-0.0024426602758467,-0.0845739468932151,-0.0821336284279823,-0.0087759001180529,0.0060769207775592,-0.0078799957409501,0.0056661637499928,0.0028954113367944,-0.0061759585514664,-0.0042685125954449,0.0057531604543328,0.0033535691909492,-0.0015915905823931,0.0065823141485452,0.0042967949993908,0.0074374913237988,0.0125794783234596,0.0065432148985564,-0.0024206063244491,-0.0028019289020448,0.0034660720266401,0.0472063049674034,2612.937904700956,2951.344227570831,21.46497973013938,12.370970422723094,15.442701283446976,15.62729871235874,16.928612747186374,24.4943643136602,57.88054124025724,5456.617864793347,0.0085172420763509,-0.0030152654595004,-0.0502023555417245,-0.0402628183165836,-0.0039324458257129,-0.0048007889513692,1
0.07546990999187504,0.5096383955672104,0.4603407216444688,0.41455923453335536,0.3666630302077188,0.3293547476888606,0.3431751991649531,0.348261756610944,0.35577214405674473,0.4751891007302815,0.5119274544886715,0.5270921918467056,0.48856499753418575,-307.59173847495487,129.5538624838851,-0.29139043395470415,37.48537156257623,-7.038921051288665,10.038307740236764,-17.210802514411835,-6.7052910997473125,4.674226453122402,-16.475674389942824,-10.092380964856703,-1.4759272725112869,-7.689152399503509,-10.004689758348587,-1.6912786453154427,-9.493582480567262,-4.497138583850993,0.5442929043089672,-3.9258830379373726,-8.374475125131733,-0.04295583883528019,0.015724822108652704,0.07660497345799347,-0.028565277851871886,0.018240346049841025,0.017684146139463328,0.022188131972175056,0.012394102764666352,-0.0054218268478545,0.002465974993281263,-0.018976477621458657,-0.008758401614609078,0.02903235372035371,0.010257204135355672,-0.06229686023297587,-0.01744397861144055,-0.00983890450604612,-0.01992451132138693,-0.003559953731428019,-0.0028375408916182965,-0.07097129743497554,-0.07972991001301583,0.01662624870883749,0.005054021709389792,-0.01856313203389634,0.0076022274134217365,0.026879084141546494,0.0010211293539665652,-0.021455235138225944,0.015136142023345633,0.018086283521888957,-0.038296729660742504,0.022129993948843952,-0.016606852112309656,-0.034484418909605886,-0.0017015069318287689,0.013184500550737974,-0.006169772856948956,-0.011239657287744974,0.02351543364304991,0.07035419750179438,2612.9380112945237,2951.3382723486043,21.49447032759049,12.359287233366356,15.444064845850756,15.61297944094657,16.937810757594796,24.48872526101473,57.895484844764376,5456.615003365217,0.012873064145979971,-0.05161150680294527,-0.07095404318364658,-0.06066073402635776,-0.017823970082003683,0.01647764624553218,1
0.0553052379826831,0.2951743900775909,0.3444108366966247,0.3519314527511596,0.3241532742977142,0.3091927170753479,0.3025272488594055,0.2877916395664215,0.3988168239593506,0.5494961738586426,0.5824394226074219,0.4843715131282806,0.3445626497268677,-262.9012451171875,159.10842895507812,-12.933560371398926,13.791340827941896,5.619347095489502,11.198822021484377,-20.64406394958496,-7.643068790435791,-18.27110481262207,-8.592109680175781,-11.87905979156494,-12.507399559020996,-8.336301803588867,-9.090738296508787,-7.344801425933838,-4.874016761779785,-1.2772079706192017,-8.392216682434082,4.026835441589356,-4.963143825531006,0.1251528263092041,0.0554563179612159,-0.0123785957694053,0.0309080556035041,0.0119162565097212,-0.0083879511803388,-0.0093772839754819,0.0017512694466859,-0.0072486218996346,-0.0106078749522566,-0.0082957353442907,-0.0088623259216547,-0.0028222727123647,-0.0039348360151052,-0.0119005385786294,-0.0072481934912502,-0.0049985228106379,0.0055881212465465,0.0085257580503821,0.0015461889561265,-0.0688242614269256,0.0096464324742555,0.0187816619873046,-0.0250805895775556,-0.0016346281627193,-0.0018872052896767,0.0046359188854694,-0.0055365776643157,0.0039477562531828,-0.0001193721618619,0.0044548860751092,-0.0007820171304047,0.0006346805021166,-0.0039357347413897,0.0021896481048315,0.0003687090065795,-0.0014974158257246,0.0020921719260513,0.001009410014376,-0.0006760613177902,0.1013585850596427,2152.6679122231376,2504.3342494805697,22.77089030845672,13.500757321453351,17.7310589626378,16.761743326448517,17.27326974941103,23.24014835818216,52.82200662956393,4080.576280727508,0.0163639831309311,-0.0130962375213006,-0.0348193356240833,-0.0784863029161,-0.0104476596857542,-0.0201527131536929,1
0.07281923740389717,0.25656830728523644,0.34865100664521054,0.35965263365656763,0.3018971560132849,0.322422193862797,0.3201953800646846,0.30651974368760726,0.3489135611709006,0.5418817037875927,0.5615292977525768,0.4564754774982255,0.3687960698692707,-262.9010116672615,159.1105561151116,-12.91811411447433,13.796384134759405,5.618296651081376,11.194492931777466,-20.659192345838843,-7.664433035667504,-18.25304861659618,-8.594134224298998,-11.867341054363466,-12.51105140562766,-8.336943310566681,-9.08965151191774,-7.347496537036561,-4.908491486673535,-1.2803545711787125,-8.414235336454123,3.995826542541828,-4.980305879496209,0.10871708767749085,0.06138252472320828,-0.020348693792395955,0.02039633055808429,0.037153867727391474,0.007456833503358063,-0.02970214415252453,-0.004641344092210482,0.002508073047423119,-0.009113960282721963,-0.005043252317004096,0.004148151691119451,-0.04553728750836273,0.007109721910606112,-0.0215449927353481,-0.013003523621043527,-0.03881781033920533,0.0348850507152826,0.010862585905053805,-0.029236278616580298,-0.08209027435213967,0.0025313704923611265,0.03738642086096805,-0.024504958778038443,0.0038042097898113624,-0.002514740099092537,0.007686340039475015,-0.018976905485376384,-0.010586300385571505,0.011241421706616496,-0.018131988353434998,0.012876522970464047,0.019882002029415483,-0.006996348690847552,0.019200758769855185,-0.02708948794418606,-0.014052362752283517,0.00799607466029486,-0.0077369671554339626,0.01574606027099583,0.08543452997863456,2152.678633481575,2504.3661604085514,22.754488642990854,13.503445433751123,17.73358038196286,16.783824035245708,17.234103105887733,23.225936426560093,52.822753327695025,4080.563940536265,0.04550286467866081,0.023755893766964565,-0.07068195773761235,-0.06327189643158612,8.466581688438071e-05,0.004775162107201917,1
0.0638316991478745,0.374536782503128,0.4054341316223144,0.4545393884181976,0.5238346457481384,0.5478249788284302,0.5142873525619507,0.4002710878849029,0.3310894072055816,0.2988838851451874,0.3137306272983551,0.343773603439331,0.3929722309112549,-405.4183654785156,136.34814453125,-5.471785545349121,14.713298797607422,5.570235729217529,4.395316123962402,-6.450026512145996,-4.956186771392822,-12.80284023284912,-13.037993431091309,-5.007516860961914,-13.386675834655762,-12.103782653808594,-6.26659107208252,-4.365826606750488,-7.283506393432617,-5.4537353515625,-4.490233421325684,-3.04544734954834,-2.607104539871216,0.0290636662393808,0.0363588146865367,0.011628576554358,-0.0071094990707933,-0.002385905245319,0.0010268837213516,0.0017936443910002,0.0003763572603929,-9.545246575726196e-05,0.0009989325189962,-0.00123205431737,-0.0054553560912609,-0.0055265952832996,0.0001833660062402,0.0004657183599192,-0.0034444283228367,-0.0012921877205371,0.0015568325761705,0.0001734087854856,0.0006948538357391,-0.0243952721357345,-0.020545195788145,-8.198583236662671e-05,0.0046238838694989,0.001523116021417,0.0033228660468012,0.0032227139454334,0.0008202953613363,0.0038668161723762,0.0049277921207249,0.0025244497228413,-0.0003421165747568,0.0001087397613446,0.0014804048696532,0.0007533123134635,0.0012898410204797,-0.0006293451879173,-0.0026965616270899,0.0009643454104661,0.0027249515987932,0.0310096852481365,2298.3459943184766,2559.639426782735,19.840653244401317,13.547938218727548,15.410832386834986,14.871274422394425,17.204267366733106,21.056997806937144,53.222862602417145,4341.770220766913,0.0016600224173515,-0.0037926743997113,0.0684501901408968,0.0368890864971325,-0.000116795080999,-0.0040477309486743,1
0.08192473354995823,0.36248129587985684,0.40351645724333285,0.44969397235874803,0.5612749113190874,0.5733112904766176,0.5206945319437645,0.39118148023436594,0.3195633139848122,0.27810834225724773,0.3093048629797247,0.370524117802285,0.3871917731241703,-405.4386111819622,136.38088453934068,-5.480380956414119,14.714995201185268,5.618744109527938,4.39372092273093,-6.448718002925594,-4.970603281112061,-12.810264003336929,-13.010526869439714,-5.041460974073975,-13.36786811177274,-12.092166429406246,-6.239752192788423,-4.343843226581275,-7.299385417301058,-5.428595666777501,-4.539571406322014,-3.046491553691053,-2.606386944196769,0.01530431822649874,0.03332777398597831,0.020816092763531597,-0.023104855295006697,0.010990845316660829,0.0003082098103091321,-0.010620855776492013,-0.0038223282597493477,-0.02028001225686788,-0.01824476441511701,-0.00803026688422478,0.0162831788697683,0.00814455880861328,0.0010200410834590615,0.013371048951318095,0.002686783805467554,0.010782030845653354,-0.0025043738813426797,0.019813393938793514,-0.01065646072616213,-0.027909536093590877,-0.002653282739259525,-0.02258366971437172,0.0019308229177500244,0.019977793385232548,0.03928446161431826,0.04867929769185711,0.02937129908909257,0.006682079682272983,-0.012617699485125648,-0.0371189536835654,-0.017279052242045886,-0.024068189909137342,-0.00948742323114091,0.03281628559054539,0.0023894431852162345,-0.027497468682219403,-0.00048042776604335534,-0.021770620255877268,-0.0014198536493140513,0.04505958420089886,2298.341351105041,2559.6674661566813,19.825143735080633,13.499760327691224,15.377156792136253,14.868969218693186,17.16797558203425,21.060090444616648,53.188217846654176,4341.76833596711,-0.014695627893654016,0.046291329984982456,0.05970445796459853,0.029313786859054204,0.012269519320712156,-0.03043086304751394,1
0.0568197247892347,0.4031092226505279,0.398308515548706,0.4374318420886993,0.452981024980545,0.440534770488739,0.4247648417949676,0.3992699384689331,0.3825138211250305,0.3866642713546753,0.4227534234523773,0.4498715400695801,0.4431038796901703,-367.3992614746094,131.9116668701172,8.394452095031738,4.031055927276611,3.0785789489746094,9.010259628295898,-4.784407138824463,-8.189535140991211,-11.219562530517578,-10.068087577819824,-8.199328422546387,-6.6327714920043945,-5.874329566955566,-10.68052101135254,-4.9711432456970215,0.3802114725112915,-2.581645965576172,-5.4629387855529785,-1.717703104019165,-3.146923780441284,0.0203074216842651,0.0098214037716388,-0.0025069457478821,0.0012401288840919,0.0003084764175582,0.0032422605436295,-0.000311666080961,-0.0035154484212398,-0.0001844141370384,0.0002224985219072,-0.0008292686543427,0.0002892735355999,-0.0008064182475209,-0.0010685675079002,0.0004022792563773,0.001097327331081,0.0016135610640048,0.0006595160230062,-0.0008398666977882,-0.0014242168981581,-0.0354647971689701,-0.0089156730100512,0.0107044400647282,-0.0015063341706991,0.0022534965537488,-0.001675019506365,0.0031939691398292,0.0020098681561648,0.0024716493207961,0.0017377821495756,0.0001163730048574,4.219251059112139e-05,-0.0012172939023002,0.0015499638393521,0.0004319111758377,-0.0010189883178099,-0.0013196797808632,-0.0005949209444224,-0.0013600431848317,0.0004680177662521,0.0502492450177669,2304.8688204599475,2799.049744433393,19.330677442362443,12.133931545544272,15.34729529367183,16.058018919931794,17.759120403482132,20.61040393479462,53.355841326147655,4777.06989451605,-0.0086431462850229,-0.0075481351786953,0.0020837285595758,-0.0407377750100628,-0.0088031090425841,0.0041735743461919,1
0.08496252665591708,0.3949963757490602,0.36527653126841336,0.45420067686761506,0.4660496993462485,0.42255064579828483,0.4348982367677527,0.4366234672490046,0.39324468976968163,0.37704991157109785,0.4340064203489047,0.42327557052767795,0.43589171452997916,-367.40417658917164,131.9141190183478,8.41734609474663,4.015391449504216,3.0657930024425877,9.018278412679631,-4.735431496739946,-8.223341133156158,-11.214581998932596,-10.06769641850097,-8.199234075520318,-6.620640860646841,-5.905675725719669,-10.686406889701184,-4.946005044642927,0.38307171489536956,-2.59428511032164,-5.471048614556272,-1.6845247538035149,-3.1520324269907016,0.016168975681562198,0.03600237431197196,0.006318688080170436,-0.018515874671570093,0.009961986401896154,-0.004807055634861913,-0.024524243090298686,-0.03668626759946521,-0.020151905808004876,0.023740809029780905,-0.0005233862302901399,-0.006322027915368091,0.019090939844805723,-0.010539054217853509,-0.008584779892516329,0.005520060316814252,0.007326272873704028,-0.005000928603199192,-0.015038163175881504,-0.007006038242997026,-0.040758034410736256,-0.015353179535865073,-0.04187397455862896,-0.0038932858828184145,-0.0010604579109924472,-0.01537788531790017,0.0017762153654015296,0.004797070004149145,-0.008958727204629306,0.011065701609827313,0.018228736470828625,-0.008924033901027925,-0.0172997511879169,-0.01822299622130268,0.0034413137585907003,0.01239498318090872,0.0030152094556000425,-0.0002909130267375103,0.021851486719202395,-0.028268847164960323,0.06772738567633002,2304.8644835128907,2799.050345488643,19.31547079381476,12.090571442158524,15.300463279516986,16.075524061992304,17.73712499041083,20.60206517061862,53.337089577604225,4777.062698017134,0.01303707337002071,0.024978575879564605,-0.010855689304159259,-0.04317174309896177,-0.020517930034465354,-0.02581028314172963,1
0.1053375244140625,0.4591978192329407,0.4765726327896118,0.4491781592369079,0.4327975511550903,0.4458006620407104,0.443954735994339,0.4537670612335205,0.4697649478912353,0.4998483657836914,0.5058932900428772,0.4877357482910156,0.4464236497879028,-310.4273681640625,117.89861297607422,-24.625673294067383,25.948923110961918,-18.933223724365234,25.463197708129883,-21.80995178222656,4.777804374694824,-13.583967208862305,-0.8965558409690857,-9.687082290649414,-10.887529373168944,-3.592827558517456,-8.355316162109375,-6.041588306427002,-7.801565170288086,-3.3812899589538574,-6.181467056274414,5.121923923492432,-8.077624320983887,0.1587875932455063,0.0901550874114036,-0.0101765394210815,0.007490805350244,0.0087221451103687,0.0147113287821412,-0.0036358654033392,0.0045170509256422,-0.0009926110506057,-0.0002666077052708,0.0004795026907231,-0.0082346694543957,-0.0029216944240033,0.000911685230676,0.0053407275117933,-0.0056799231097102,-0.0029014584142714,-0.0029143404681235,-0.000539822562132,0.0096571566537022,-0.0409495159983634,0.0042087794281542,0.0225470680743455,-0.0038437684997916,-0.0050701331347227,-0.0123368231579661,0.0050588818266987,-0.0013166308635845,0.0010645713191479,-0.0005388238932937,-0.0045018410310149,0.0053957905620336,0.0062254355289042,0.0024347594007849,-0.0010728782508522,0.0040475241839885,0.0036443395074456,0.000980868935585,0.0005246771615929,-0.000875400903169,0.0294105298817157,3606.127197943317,3596.598362169352,16.86893114947862,9.776085337586156,13.325161484174274,15.377670106333913,17.218358989424356,22.06233729560069,56.97328646849015,7535.288726806641,-0.006993582216217,0.006408041748465,-0.0088287850387861,-0.0166731712321055,0.004313809322652,0.0003215810112306,1
0.10630201776233142,0.4796960976712218,0.4957881118346797,0.4693876673107569,0.4199859049361469,0.4217865010734328,0.44927145157475357,0.4628920650720096,0.4739400297338678,0.4798907939275337,0.4954807186706422,0.4708106094112758,0.42029673585604654,-310.41066890263295,117.86659379043346,-24.642866891627754,25.96696081525687,-18.8973914638836,25.467363013484697,-21.817480306342773,4.8065669360879495,-13.567209947291644,-0.8839857945227695,-9.660539363845214,-10.896097624267018,-3.5918964201392307,-8.380036471703018,-6.042228770813084,-7.795769730391498,-3.380970482225322,-6.210833107358201,5.136070294972706,-8.085308975812543,0.15398726814736657,0.10012821902969549,-0.015494985630218307,0.006517926444693545,0.02367355706650808,-0.023619928963174323,-0.023368241191191137,0.004508026757674098,-0.0031795501710165557,-0.0007978769349266676,-0.013721485963993366,-0.015796488412493342,0.029248526660715556,-0.052918603358350524,-0.016403478246181068,-0.033973942352023404,-0.021512284151315876,-0.003252584324581125,-0.008150161609065832,0.028892254265813936,-0.027191094151842482,0.007460783464015399,0.001592514705275605,-0.0005568405260865323,-0.01431460008386281,-0.011087146284475506,0.02562580365932153,0.05541085835758582,0.012762780809513208,0.004683875508951823,0.022493039231185286,0.011146067477007224,0.0007364054298467856,-0.00026442773759839666,-0.021317963027354683,0.004537747245744374,-0.012887632083893208,-0.008462917015196176,0.008713808842809806,-0.010120898821321753,0.06242046111247963,3606.1425377863247,3596.6490636899894,16.895337684766425,9.816607273290673,13.334756343452323,15.356676559143821,17.217233640001155,22.047274399318965,56.937386892702875,7535.273135129928,-0.003855213848609042,0.04017668216276289,0.0054735113303454475,-0.013072748419287216,0.03080696832775635,-0.04946514842403562,1
0.05496535041841,0.431460827589035,0.3243610560894012,0.2878437638282776,0.3064303398132324,0.3065252602100372,0.325326144695282,0.3343658745288849,0.4039397239685058,0.4572207331657409,0.507908284664154,0.5198774933815002,0.5075703263282776,-312.59197998046875,165.83209228515625,-3.678481340408325,7.444973945617676,7.025823593139648,7.13827657699585,-10.922690391540527,-9.923949241638184,-11.402300834655762,-6.87201738357544,-9.42628002166748,-8.297163009643555,-9.365878105163574,-10.333255767822266,-0.7168608903884888,-2.542386531829834,-3.3736910820007324,-2.0680394172668457,-1.2831186056137085,-3.570018768310547,0.0869929492473602,0.0322529189288616,-0.0387131422758102,-0.002595612546429,0.011563342064619,0.0043894397094845,-0.0108803948387503,-0.0084420433267951,0.0029379283078014,0.0047484408132731,0.0050992197357118,-0.0045978655107319,-0.0055403560400009,0.0040640789084136,0.0022188241127878,-0.0082684457302093,-0.0021524105686694,0.006098489742726,-0.001418009167537,-0.0010492021683603,-0.0464488789439201,-0.0017521766712889,0.0205547381192445,-0.0080990865826606,-0.000623095256742,-0.0059390044771134,0.0087851583957672,-0.0010910109849646,-0.0073445714078843,0.0060091139748692,0.0041594966314733,0.0072152079083025,-0.0037483202759176,-0.0055782501585781,-0.0002111963694915,0.0045389956794679,0.0071346005424857,-9.129775571636856e-05,-0.0007607990992255,-0.0003880267322529,0.0610553175210952,1884.2153332697096,2117.06933686415,20.78126996032973,12.93786141922924,16.082959057564892,15.901994065740393,17.892411499870967,21.59607225218184,51.60839395022257,3440.519335120293,-0.004041077388777,0.0222001805194248,0.0387972690952184,0.0257296089885683,-0.0067100495517296,-0.0168624347094329,1
0.03341239924076973,0.4239220166903882,0.28109944479600685,0.32732926061666784,0.31313726844758627,0.2841490037414621,0.32146164576235586,0.3401094299076939,0.4125801638493297,0.4799074027636936,0.5453608986949837,0.5045937112212415,0.46515957929297924,-312.5870288612418,165.8458364068552,-3.6836468797456616,7.4510590812500075,7.0272423935520525,7.113783900533494,-10.921837939476832,-9.911078222399752,-11.388320066477092,-6.848487850554437,-9.427457902816974,-8.274130256734077,-9.343304704913553,-10.354740854529409,-0.7070294906220915,-2.5456031145930123,-3.3708125113483627,-2.065434544195206,-1.3086458258183589,-3.5594717666125906,0.0735928838346839,0.04481449034734977,-0.07422692778517039,-0.0079711560370614,0.027603633222140135,0.02943936412457075,-0.024983702317806382,0.0025906892232587103,0.008128484528607255,0.022383656731541555,-0.03102556204721417,-0.02393616426532839,0.0026713453921870054,-0.019709143577764005,0.026830187939474226,-0.04908236561200459,0.012454516977490535,-0.025013360088873417,-0.0014038261278009868,-0.00551978818595783,-0.07969387983187037,0.008489971111704272,0.023458766323723734,-0.005208292860615094,0.010664113961777915,-0.04865006997744445,0.013945524452688587,0.014478096817289081,0.004755051470693343,-0.01499861509823933,0.019009263860460812,-0.0018145648901668919,-0.042599042354753015,0.002954665641240405,-0.011951957174929202,0.029219165998013216,0.015607611097946188,-0.0274937075484943,-0.016207210212781684,0.022924315087481256,0.07318611197149757,1884.2250413381064,2117.0637170710147,20.803060586318168,12.938403038068987,16.108992556803404,15.90590735216219,17.889656472423408,21.575075124784362,51.63755943766868,3440.499349137971,-0.004865138276301748,0.03235317507870623,0.07034360687646873,0.011073580238601676,-0.011273177744251614,-0.0097434176904799,1
0.0606122049987611,0.324297159910202,0.2857637405395508,0.3760170042514801,0.5009039640426636,0.5695355534553528,0.4616498947143554,0.2980740964412689,0.2045156359672546,0.1932657808065414,0.2343886345624923,0.4021633863449096,0.5026336908340454,-284.9521789550781,150.04998779296875,-15.243179321289062,30.873558044433597,7.159618854522705,19.61895179748535,-24.861408233642575,-12.105677604675291,-5.175961017608643,-12.436681747436523,-16.04783821105957,-5.166819095611572,-4.548355579376221,-10.582720756530762,2.1078097820281982,-12.314453125,-3.534057855606079,0.8393176198005676,-5.088690280914307,-6.048070430755615,0.1811156868934631,0.0669209212064743,-0.0247584227472543,-0.0138901732861995,-0.0059844236820936,0.0239330977201461,-0.0215695276856422,-0.0040878010913729,-0.0180454403162002,-0.0071534211747348,-0.0046676089987158,-0.0079631144180893,-0.0089774876832962,-0.0026969304308295,-0.0002769918355625,0.0013453377177938,-0.0044390335679054,-0.0057471049949526,0.0042600450105965,-0.0099699683487415,-0.019567884504795,-0.0390390381217002,0.0130076864734292,0.0051381872035562,-0.0108156381174921,0.0060001998208463,-0.0057432614266872,0.0120368050411343,-0.0009794712532311,0.0067158159799873,0.0002503999858163,-0.0008036697981879,-0.0006273683393374,-0.0009459617431275,0.0034208595752716,0.0030303311068564,0.0016586995916441,-0.003059237031266,-0.000921242753975,-0.000756359193474,0.0796540975570678,2278.8670403354768,2512.4308988743583,22.753166851829132,13.622481712845582,17.09587133059957,16.21304089914012,16.946052196371884,24.31727493411576,54.670623989208266,4329.731730828791,-0.0204903634889205,-0.0186870227576157,0.0801955672498788,0.0056034987916978,0.0214128424606617,-0.0053047817172731,1
0.04398485214690688,0.33553479441066736,0.31240776808907944,0.3604145454581565,0.5144549006407635,0.5494079558839996,0.46059452291343556,0.2712648319926966,0.19128675916762866,0.2105536089486434,0.20531664771468933,0.4255243258991341,0.49408275472088187,-284.9078898437345,150.0623169654661,-15.23685397447507,30.88785140576672,7.148377872045468,19.621311738862914,-24.84774677461029,-12.108303087604574,-5.170819695361487,-12.449512584170659,-16.00839914322827,-5.175131900320094,-4.542283384713226,-10.590867583108468,2.108662890293987,-12.312701215346921,-3.526612028946043,0.8478864754263817,-5.066055855231991,-6.026707877355091,0.1725943357524193,0.06109618677135893,-0.02233130580961313,0.014803834327104415,-0.002974243076123575,0.024894613627360753,-0.03959611962991198,-0.0336341155155486,-0.004698105098073627,-0.008443501056527143,-0.006330455880103104,-0.004580573506495697,0.00384617433418114,-0.0026096966511267245,0.0008850338210280205,-0.02274399362108185,0.00997251277465388,0.0286464880451547,0.04099313700662195,-0.01540402331109858,-0.046541672768242254,-0.03539144735618019,0.010205523687300853,0.045839869745115544,-0.053821585866978515,0.005090503569154181,-0.0019820864207519837,0.04587064081620239,-0.014672409577127388,0.0012474405628147703,-0.05146346164943055,-0.021976749711284004,0.00837695708233582,-0.012236847134034754,0.024636193282411307,0.006301479511494724,0.021959460857971312,0.0014675074140744564,-0.015539243259437296,-0.023646310474657154,0.04491473132989404,2278.856662092022,2512.4290234271616,22.74373091206117,13.595549488913509,17.085331790331583,16.196228121511364,16.934260131942157,24.32782112043716,54.653821862519884,4329.729930787834,-0.03295992420147889,-0.021740995522510728,0.1037799087168673,-0.004226197912275802,0.032992818366930625,0.02634988491080872,1
0.0385709659511473,0.3249118328094482,0.2703979015350342,0.265988290309906,0.2863810658454895,0.3254085183143616,0.3749614953994751,0.3799890577793121,0.3899939656257629,0.3853800892829895,0.3881492614746094,0.4161555767059326,0.3850467205047607,-336.35614013671875,147.96189880371094,19.91729736328125,36.05641555786133,8.258251190185547,0.7181630730628967,-6.378352642059326,-2.3298563957214355,-15.846450805664062,-8.979344367980957,-13.41690731048584,-23.57976722717285,-7.993531227111816,-11.072373390197754,-12.76683521270752,-2.6406846046447754,-5.402958869934082,-3.873213768005371,0.4295362830162048,-4.928913116455078,0.0826604440808296,0.0450878143310546,-0.0007585628773085,0.000691863533575,-0.0008214022964239,0.0055262907408177,-0.0025362258311361,0.0024926527403295,-0.0008557169348932,-0.0002413819602224,-0.0036694286391139,-0.0054802601225674,-0.0057517560198903,-0.0032232510857284,-0.0059125153347849,0.0015494938706979,0.001563518308103,-0.0015297896461561,0.0010845309589058,-0.0027773894835263,-0.0268363635987043,-0.0056864260695874,0.018473420292139,0.0040265028364956,0.001100062741898,0.0015256049809977,0.0036049983464181,-0.0024964828044176,-0.0008850200101733,-0.0002587873896118,-0.0010122299427166,0.008467162027955,-0.0005417352076619,-0.0020789639092981,-0.003473242977634,-0.0047982218675315,-0.0020733620040118,0.0031751333735883,-0.0023891204036772,-0.0023522656410932,0.0768692046403884,1679.645724151407,2374.74697695722,21.07339259023829,14.597225427835932,19.59891736601329,17.005745662361043,16.22222843940609,19.515339652362123,54.08026322221877,3019.445990527849,0.0089769170774092,0.0209228935021587,0.0022189164584877,0.0010466033632109,0.0061304739943254,0.0052968757825081,1
0.05541628647576935,0.2967797892825445,0.2954137424359354,0.268115595131742,0.2701072143601595,0.33898274108285786,0.35026299266150995,0.38002163349245716,0.4008424860589772,0.40922864479073134,0.3980230717002181,0.4176720110951911,0.3698588447566941,-336.3743964762189,147.95185689377882,19.90352537160818,36.03218058060934,8.279365896607825,0.7062213995419444,-6.358574255511201,-2.3271644563603684,-15.852964238338524,-8.975696391036097,-13.401295741372232,-23.572001024966053,-7.979409643944429,-11.06726912726231,-12.756955710672898,-2.6189735128692164,-5.414108562444902,-3.9293471840725314,0.42489096297448753,-4.892215056811652,0.07787044069559328,0.0639076806598041,0.013371888284793123,-0.05030235489314773,0.011669089151818123,0.004070785925038478,-3.2672797111684033e-05,-0.024587928096857694,0.014907865989245338,0.005346329992778976,0.008588713941316252,-0.011740307922442763,0.04234815083686819,-0.013050626644872889,0.01599200818306728,-0.011275137047386963,-0.02227847832099617,-0.03574610546367139,-0.0064171806578496235,-0.052403344044763774,-0.05477017899139779,-0.023822157034464105,0.022843286370783703,0.017632188002899486,-0.02511789751423538,0.0077137367081727345,0.0062237231573689,-0.02611807790928094,0.04535067839462909,0.02303728649170856,0.00789737364369985,-0.006718803713693027,0.004248893165341728,-0.012460791503443454,0.005057077530980994,0.04693904560514621,-0.010952462499175388,0.000661985631670798,-0.02842917710737866,-0.0069000710840088145,0.07515237473432658,1679.6384664054228,2374.7614509222067,21.049194866128428,14.61809372531502,19.57651276308041,16.97498086245598,16.21186476615966,19.488128317142422,54.05402889106417,3019.417279101166,-0.018484271733208532,0.024655204290285577,0.019038144248064624,-0.038903043896505445,0.036377435086080566,-0.04665736956373815,1
0.0384118960966917,0.3682948052883148,0.3873774707317352,0.4358295500278473,0.5284111499786377,0.5941967368125916,0.534509003162384,0.4197738766670227,0.3550273776054382,0.3243301212787628,0.3265625536441803,0.3437902331352234,0.3564940989017486,-392.3956298828125,159.5115966796875,39.50282287597656,-6.112245559692383,3.745152711868286,13.514636993408203,-9.492571830749512,-0.1615427583456039,-12.584510803222656,-8.061290740966797,-7.857594013214111,-10.727560997009276,-8.108723640441895,-13.432419776916504,-2.53638768196106,-6.631633758544922,-9.676989555358888,-6.749208450317383,-5.257385730743408,-4.607247352600098,0.0067893732339143,0.0080805895850062,0.0052015366964042,0.0015749871963635,-0.0013461880153045,-0.0009962633484974,-0.0011683356715366,-0.0039261174388229,-0.0055639245547354,-0.0037288686726242,-0.0012962273322045,-0.0029163369908928,-0.0043713320046663,-0.0013562039239332,0.0013726244214922,0.0011121402494609,0.0005529012996703,0.000902556523215,0.0001494508760515,-0.0009803741704672,-0.0540961883962154,-0.0531921871006488,-0.013029420748353,0.0052326163277029,0.0020879846997559,-0.0027875697705894,-0.0001235920062754,0.0022408934310078,-0.0001154986020992,-0.0024068641941994,-0.0008620818261988,0.0031395708210766,0.0035195951350033,0.0015666540712118,0.0012017862172797,0.0018040293361991,0.0017762286588549,-0.0007755383849143,-0.001355416025035,0.0012196684256196,0.0442179106175899,1623.5306584153225,2551.013313918074,22.96632609248975,13.048607837686204,15.158174271218316,15.888528233811774,19.07530803279434,26.88490718771112,52.264928634914895,2740.5894886363635,-0.0179569198959031,-0.0077716076262769,0.0469450470772251,0.0283111860808293,0.0055258600350654,0.0167161398434812,1
0.05021263457974393,0.3544906357703445,0.34710309010933754,0.4367026324362472,0.5363902102904062,0.6144007729578882,0.55602313818633,0.411651431273464,0.33781989125252576,0.30834936607949537,0.2992840937487323,0.3437372426127907,0.342473298851221,-392.3999115905271,159.52072080071508,39.47932102035806,-6.1309761383155,3.760159638855267,13.54308041388967,-9.470729221407458,-0.16217475954872534,-12.572507700417507,-8.05834985520575,-7.849270834909444,-10.739790129381598,-8.11024975379497,-13.480195239033417,-2.5192208648342116,-6.619989786434415,-9.694353150963614,-6.73599361366154,-5.272295708443616,-4.599836700004207,0.02640558023448657,0.02526602062623696,0.008746952241981305,0.022417996949953174,-0.019087068508822143,0.013101969435669993,0.008114070056390648,-0.018695718625662057,-0.011538734173573026,-0.030779473037643307,-0.029478000093457017,-0.028928458303354197,0.014498537617670181,0.017685306200201745,0.020793822270031636,-0.012394308869332914,-0.024174106281038873,0.027268883729188287,0.03204460026379976,0.0446620061821167,-0.07991436721746725,-0.0728269048531823,-0.009754024943127848,-0.03559114922067664,-0.020554889779686787,0.0038678769148457865,-0.002139658792177838,-0.028336513536686744,-0.018668195801438216,-0.06539888209362578,-0.021714449308615616,0.026254911906540578,0.019604396730648573,-0.030322547876852374,0.003944842104392131,0.005050362248797996,0.016178603317962812,-0.0029316921649638313,-0.0022105943805034436,0.012587653269637475,0.04489750341999654,1623.5294899471926,2550.999680067455,22.985407322092016,13.055694032206988,15.185490559292095,15.915858695574492,19.051601448682366,26.91240969824198,52.276054025359024,2740.597293812355,0.00473345925293428,-0.037691369744689104,0.03406569913959725,0.02242183204625463,0.03480006551235154,0.0027187594797587165,1
0.0586097641746596,0.3368746340274811,0.2576093971729278,0.2317279726266861,0.300758808851242,0.4002741873264313,0.3783812522888183,0.3318236470222473,0.358811467885971,0.4497088491916656,0.5395017862319946,0.5284500122070312,0.4285725951194763,-346.14129638671875,148.55271911621094,15.256261825561523,21.4003849029541,1.753005862236023,10.664597511291504,-23.102872848510746,-1.2653684616088867,-6.550680160522461,-9.575445175170898,-4.4406561851501465,-19.49098014831543,-7.093410491943359,-6.131806373596191,-4.822080612182617,-4.522209644317627,-3.784046649932861,0.3411871194839477,1.2728649377822876,-3.541092157363892,-0.004739761352539,-0.0048775342293083,-0.002026520203799,-0.0016695680096745,-0.002831750549376,-0.0024050420615822,-0.000169770559296,0.0014608060009777,0.0010174164781346,-0.0005896339425817,-0.001532086636871,-0.0011831539450213,-0.0005382594536058,-0.0004569587181322,-0.0005857177311554,-0.0006681134691461,-0.0012048456119373,-0.0019191430183127,-0.0015915711410343,-0.0002604298060759,-0.009413793683052,-0.0112461969256401,-0.0065211583860218,-0.002328319940716,-0.0005961271235719,-0.0003567872045096,7.316499977605417e-05,0.0005308243562467,0.0003634759050328,0.0005662590265274,0.0020886946003884,0.0035653172526508,0.0031687333248555,0.0015277770580723,0.0008210929227061,0.0016999515937641,0.0025360349100083,0.0017165873432531,-5.4475251090480015e-05,-0.0005687365774065,0.0487185195088386,2102.2931810682217,2640.5339509915902,19.68297018744861,11.29034139080413,16.158600853562746,17.79636063957913,19.161608211444456,24.434585619242664,54.99548704145512,3910.301767481436,-0.0040416076922705,0.0093615055788554,-0.0498627691243263,-0.0407510815429764,0.0018222763425487,-0.0061280171796512,1
0.06882431497487695,0.32005679697591327,0.2514113619836189,0.2104179814426055,0.3130286876563385,0.38928212818169133,0.37239145825575587,0.3260654002723738,0.37300766230478294,0.49361021820511214,0.5443917805647922,0.5101749146287206,0.4459358737003557,-346.1519196134568,148.54027427452394,15.22197858342586,21.399292072602204,1.793251775137802,10.678369197592845,-23.128945022255383,-1.2597078216470965,-6.548303990207719,-9.556072871902819,-4.422480880122824,-19.53050116804662,-7.092307460770769,-6.146684165763086,-4.839479471544055,-4.521131098574474,-3.7371390839674548,0.3381767240119113,1.271342562387137,-3.5529810980838046,0.003163555794772375,0.030118935669097967,-0.04307544960961938,-0.003075541558508634,0.032284622738892835,0.014126912001425754,-0.015377319197058491,0.0014270375525667872,0.041166406022457906,-0.0472340723466847,-0.012286582482322572,-0.015561747564765003,0.015287169679074343,-0.006571459875510892,-0.003192572176920461,-0.0367277569408826,0.0015648935621080551,-0.020153474578789996,0.030843782825678515,-0.028177505109234006,-0.032482385572526945,-0.020048072306065944,-0.015644943394104632,0.026459120809401725,-0.006497432414278707,-0.004856346795591862,-0.0023481878506112887,0.006353461340574078,-0.01444832943676391,0.012204000516827539,0.01669390792889017,-0.012995806155706112,0.03220295546891095,-0.008105749293038998,0.003564840326703391,-0.00798318459139484,-0.010637138926773412,-0.03058492752965065,0.04701757330907283,0.00150563277285926,0.06902104332458373,2102.302074718379,2640.500274070446,19.688658278532927,11.280739720201606,16.17110690487044,17.815587820465915,19.182885129177404,24.43739679311033,54.969221105075846,3910.2843498825996,0.007785542076796521,-0.016917332645156553,-0.06298835105913696,-0.04047043086574716,0.002242438965448184,-0.03348354356058339,1
0.0432162580818965,0.3448716700077057,0.4130933880805969,0.400075227022171,0.3370549380779266,0.2675882875919342,0.2252304404973983,0.2230657935142517,0.2670529782772064,0.3684484362602234,0.3888391554355621,0.3559515476226806,0.3631956279277801,-319.491455078125,153.9126434326172,11.032062530517578,18.40915870666504,8.473455429077148,-4.476200103759766,-14.284804344177246,-16.396512985229492,-18.20177459716797,-14.029521942138672,-11.465598106384276,-20.44781494140625,-15.009824752807615,-3.492917537689209,-0.065868467092514,-6.656791687011719,-5.919675350189209,2.9089248180389404,-0.2401525676250457,-6.572956562042236,0.012916712090373,0.0358739607036113,0.0195695701986551,-0.0099462466314435,0.0013911859132349,0.0001251431240234,0.0014666419010609,0.0082159172743558,0.0072237220592796,0.0039674830622971,-0.0038801706396043,-0.0008181657176464,0.0005150525248609,-0.0050652767531573,-0.0062675797380506,-0.0029387683607637,0.0015962620964273,0.0022170112933963,0.0041197412647306,0.003427387215197,-0.049505915492773,-0.0331025682389736,0.0142481978982687,0.0070321722887456,-0.0033517249394208,0.0067026992328464,0.0051535191014409,0.0029271272942423,0.0017387575935572,0.0015343322884291,0.0020307730883359,-0.0030793440528213,-0.0008387312409467,0.0020871353335678,-0.0001360950845992,0.0021744589321315,0.0025882760528475,-0.0004344862827565,-0.0034924591891467,-0.0065775024704635,0.0997849479317665,1616.1521790898944,1901.5919156275368,21.60116331217386,14.238129946276285,18.952064614164584,17.461802940441217,18.60722243197085,21.57893597726944,52.16165261928602,2907.5170393318967,-0.0245871154007006,-0.0040877088247556,-0.0306853272488085,0.0238730540704622,0.0020001737951615,-0.0121526050830163,1
0.03923071678041648,0.3469928445671374,0.41111156248171127,0.38673735678308413,0.34430059713518896,0.29596194849287305,0.20769887450037158,0.2260062708187333,0.26189471049167995,0.3523699699853502,0.33068842344645194,0.37479554964216405,0.33947685606218114,-319.4710875005591,153.90743408028146,10.999865904388272,18.441431298456575,8.496959537556547,-4.463690116816539,-14.267475481975396,-16.46050408961874,-18.197293028966808,-14.018834779171428,-11.443988936328491,-20.4083480832685,-14.997545239700615,-3.5078711151606528,-0.07248649204507167,-6.675245557022629,-5.956724186811119,2.9713997645072943,-0.22223522063990178,-6.536289507827801,-0.000780867061079233,0.03068769761955042,-0.006744922791719333,-0.009082865404308915,-0.027488503729441022,0.0034480515486437343,0.016248083477613154,0.011195957589711408,-0.021586357053433685,0.003017615942988118,0.015990025407290682,0.012973681508151676,0.008788753075498288,0.017930276327502548,0.031317215916029296,0.0301665769734798,0.025761796050335507,0.021131140442270067,0.004484388069838302,0.020205264888351396,-0.013940061565837637,-0.03356710733270491,0.028427682643763948,0.01205336609872821,0.0014121473932726053,0.016212273146129323,-0.022905510328951093,-0.005275891184351143,-0.036892292398380086,0.044343507067991624,0.011921567725831122,-0.009956243874876447,0.002005128040036063,-0.030351768552418956,0.005812851364156172,0.028293420101950358,0.0005708541270407967,0.020414682827388952,-0.0374100069310485,-0.02444878192450876,0.10672654975788208,1616.148963279213,1901.594649040726,21.58928230547307,14.23345199968523,18.942676189510266,17.495333671065865,18.635849527374745,21.5555031063371,52.167554610804444,2907.52413562807,-0.035808697534835926,0.028375453791822665,-0.02667444772340021,0.03613305209774992,-0.007646476814899843,-0.014514923826963205,1
0.043756795906816,0.4037356674671173,0.3210120499134063,0.2879146039485931,0.3000643849372864,0.3230490386486053,0.4215118288993835,0.5307157039642334,0.5206131339073181,0.450777143239975,0.3682190775871277,0.3664930164813995,0.4231331944465637,-271.5983581542969,175.97323608398438,-16.050424575805664,10.824507713317873,12.717021942138672,8.508336067199707,-15.309057235717772,-13.219226837158203,-11.051517486572266,-4.760611057281494,-16.509599685668945,-12.112088203430176,-4.061349391937256,-12.717604637145996,-11.611425399780272,-9.35818862915039,-5.895730495452881,-7.362915515899658,-2.8510727882385254,-1.648273468017578,0.1356517672538757,0.0834817513823509,-0.020940801128745,0.0092670544981956,0.0174048636108636,-0.004034333396703,-0.0075436839833855,-0.0014656747225672,-0.0030543752945959,-0.0044928905554115,0.0026586330495774,-0.0002793320163618,-0.0044238879345357,-0.0073159509338438,-0.0065961140207946,-0.0050188605673611,0.0057213529944419,0.0043893340043723,-0.0016128799179568,0.0052548456005752,-0.1285305023193359,-0.0632306933403015,0.0129543514922261,-0.0112422602251172,0.0039246208034455,0.0020560217089951,0.0111397365108132,0.0037045597564429,0.0035590997431427,0.0075831362046301,0.006704353261739,0.0064911367371678,0.0007229746552184,0.0073162815533578,0.0042211967520415,0.0031049863900989,-0.0038585981819778,-0.001026632846333,0.000590969750192,-0.0079218354076147,0.1018144190311431,1807.784662612503,2134.5354160155653,21.25728172955497,12.846250514785842,16.10704416948712,16.68644699629401,16.334345206217364,20.83117942713259,50.95790318529309,3385.988422753813,0.0040607399627739,-0.0355702879954539,0.060144846099877,-0.0206983141016014,-0.0192393585726852,-0.0036509174302449,1
0.057861284577606295,0.4021627352237558,0.3225710019878967,0.26872035219399615,0.31341153849888614,0.3401424789262348,0.42830024353896146,0.48439890319960416,0.5188251208751855,0.46025650455421807,0.36213510733063725,0.3332588268675326,0.4287096926625922,-271.6026767738922,175.9559878974585,-16.015770156775293,10.81034775727684,12.738896644363875,8.494221550910225,-15.297095341974964,-13.212856996656598,-11.045960456583176,-4.748810987314794,-16.514203461480392,-12.102841912338963,-4.0559942128339515,-12.727623369607514,-11.62882597258813,-9.36276771308445,-5.873411371864117,-7.325519562205362,-2.8460906242140105,-1.6809726495741946,0.13864458997833054,0.07832739244312852,0.0035255767984977114,-0.0013954539307958046,0.04364186811710479,-0.00031411324624879304,-0.06633358389331528,-0.0034839847146398316,-0.017680805412001593,0.021790948694008223,-0.019356993207707812,-0.02395534354067116,-0.023026873173884518,-0.01702863399532337,0.0015138153923977228,0.03654704371696727,0.014700414926803154,0.007818280019605555,0.015689107544713626,-0.0033623277528770177,-0.101202089172287,-0.0507053923131959,0.01039588213127275,-0.02885590886554547,0.0075856517997966244,0.024170153891298254,-0.02993896310070033,-0.03928224547362572,0.058830401073547124,-0.005903812551086364,-0.018786536754435743,0.009106268982297876,-0.010201938975924224,0.02733544208755593,-0.011573081736161285,-0.028177968459978817,-0.02773846734068921,-0.0037861756813953916,0.02470445839945174,-0.0030042868917739213,0.1209911417310546,1807.7822814559001,2134.5531810435145,21.25444437850324,12.86491571023058,16.08866860541602,16.710534224479787,16.350953319267717,20.85192162713741,50.95321600698708,3385.96376670928,-0.0296569192198762,-0.036570286462828894,0.05632864662693852,0.026347952225216843,-0.008215332854518321,0.0030945761417193363,1
0.0479877027326142,0.2698854207992553,0.2920718491077423,0.3488298952579498,0.4197249412536621,0.4635087847709656,0.4906326234340668,0.4069066941738128,0.2689484357833862,0.1817462146282196,0.193310260772705,0.235171765089035,0.2534228563308716,-262.5193176269531,169.99407958984375,-25.345808029174805,13.290647506713867,-3.617507934570313,-6.599977970123291,-9.387930870056152,-15.929378509521484,-16.579341888427734,-4.791118621826172,-10.527379035949709,-18.90955924987793,-12.46359634399414,-9.271928787231444,-10.602473258972168,-11.353745460510254,-8.713319778442383,-4.754051685333252,1.0043516159057615,-9.94479751586914,-0.1404719352722168,-0.0546707026660442,0.0294136609882116,-0.0072902194224298,-0.0095269093289971,-0.0185943040996789,0.0110879987478256,0.005383470095694,0.0022134247701615,0.0093672620132565,0.0104081472381949,0.0037799789570271,-0.0038871041033416,0.0048897420056164,0.0077137690968811,0.0005217378493398,-0.0100799417123198,-0.0030949157662689,0.0065896157175302,0.00366922467947,-0.1377331912517547,-0.0973766222596168,0.0052421409636735,0.0053009809926152,0.0010144104016944,0.0030134271364659,0.0091619966551661,0.0031398683786392,0.0018929014913737,0.0107447113841772,0.0127423675730824,0.0063568474724888,-0.0004453596193343,0.0077760675922036,0.0031726665329188,-0.0007966195698827,0.0058196424506604,0.0030125491321086,0.0004738907737191,0.0031589295249432,0.1322182863950729,1811.756014433484,2025.1202466040636,23.630781830153744,17.495754834031715,17.06930874974274,18.08088072690996,19.301155107925933,22.08733421230785,53.10730446329343,3326.678832300386,-0.011725699467869,0.0177194337072598,-0.0221108737395969,-0.0105136110452145,-0.0086478470401358,0.0057528193875744,1
0.0329278809605049,0.32216939354919716,0.2892617771946597,0.35814181700238956,0.4216083091839387,0.4398371266398589,0.5140489679013146,0.399000808279528,0.25631929477366255,0.1590201115204584,0.17244394852233103,0.26378436328843835,0.23914512624805548,-262.5107680674878,170.00681886527897,-25.33601314861516,13.300235378534692,-3.651935912483872,-6.61128504983881,-9.367096923814573,-15.926026994221388,-16.594923027149918,-4.798134899667952,-10.52334676432995,-18.90657800498097,-12.48843881357617,-9.279158493479322,-10.590561466850753,-11.367040656930314,-8.693476714650402,-4.764744200538234,0.9915440850736984,-9.966716868471714,-0.17470307708982427,-0.0750917991682771,0.02059105369360542,-0.013532403593893167,-0.012410290124246805,-0.019187876572450573,0.015123077740254127,0.0037058837318669153,0.009107948295613795,0.044901274474216275,0.014438963330199868,-0.01094564222238282,0.001499456202733371,0.045330689082886656,0.043024274899211096,0.016258676582036564,-0.018261108218970062,-0.011809910494307269,0.024318420228234633,-0.013666899094517786,-0.13709207239488125,-0.11208608283837142,0.012153376378435594,0.026445771838136956,-0.03268106534447051,-0.021466427122312847,-0.01426376140439018,-0.0015578876267491374,-0.048061588896561536,0.015055949135266818,0.012989674927242883,-0.01058443399551725,0.004296066108068296,0.06878308753406896,-0.028065698481765152,0.025147735724469454,-0.037574191078997364,-0.0008950901448488658,0.010639853969051892,-0.024713478437749896,0.14437951971463608,1811.7823560181387,2025.1101513773276,23.662129277687093,17.498815999158065,17.049212040545797,18.07799456502173,19.28508347410615,22.115276427749688,53.101178953576394,3326.6907360182418,-0.03730958422512656,-0.03048018114294121,-0.05798747940568293,-0.0025692252254740297,-0.008914634212438542,-0.016242428202627508,1
0.0776973601310483,0.5840989351272583,0.5536620616912842,0.4804405570030212,0.4567543864250183,0.4983549118041992,0.5048518180847168,0.3997661173343658,0.3425601720809936,0.315370500087738,0.3131891191005707,0.4264513552188873,0.5791561007499695,-426.6281127929688,145.06935119628906,30.192811965942383,11.432371139526367,-12.23948574066162,29.78799057006836,-19.782808303833008,-5.531753063201904,-12.678414344787598,-14.437912940979004,-7.293239593505859,-16.244543075561523,-3.9548749923706055,-6.12617826461792,-3.891666173934937,-9.591475486755373,-1.979954481124878,0.3932003378868103,-6.719714641571045,-10.552117347717283,0.0400353707373142,0.0482928603887558,0.0027860056143254,-0.0196525007486343,0.0001310071675106,0.0040166010148823,0.0067170052789151,0.0030826721340417,0.0018096308922395,0.002263247501105,-0.0010318664135411,-3.575125083443709e-05,-0.0035664567258208,-0.0026135363150388,-0.0016584726981818,-0.0008172112284228,0.0022205440327525,-9.64733844739385e-05,-0.0042468593455851,-0.0029054211918264,-0.0341287441551685,-0.0166410990059375,0.0101134553551673,0.0024975177366286,-0.0011267496738582,-0.0050514382310211,0.0005985728930681,3.9650549297221005e-06,-0.0064789410680532,0.0016839279560372,0.0013877530582249,-0.0027720835059881,-0.001749706454575,0.0001235835079569,0.0016192832263186,-0.0011377899209037,-0.0057959519326686,-0.0036671764682978,0.0047294497489929,0.0056274589151144,0.0221377275884151,2545.162215693108,3063.1149368901715,20.18202035955286,10.317861009303456,15.311600173186514,13.972629088834028,19.751320780034884,25.0622021856726,55.694447829542895,4768.875141759073,0.0201763047459675,-0.0203720002627377,-0.0095514773455031,0.0283009051409127,0.0002152694744199,-0.0065469304979365,1
0.08356830927628534,0.5631175434070388,0.5324463109977499,0.44235406376733366,0.4316624933714675,0.5275111980764899,0.5248122240465811,0.3822189858467391,0.34522793684100994,0.29172272491010925,0.3174422009596484,0.4407503271085837,0.5491408634166162,-426.6347375380043,145.06742503131386,30.218091068346148,11.39389323275865,-12.225371958937005,29.805727794924866,-19.805213305656576,-5.544965934404875,-12.668436094417148,-14.427245086988128,-7.303411784217296,-16.21662968362261,-3.974077440035599,-6.111597074250433,-3.872368420213773,-9.59497683342756,-1.9836821900768535,0.3844166064715275,-6.746359039974454,-10.568762430200586,0.06487291527597665,0.0352084430829435,-0.0010000373919306581,-0.05599619149438122,-0.006222872830230526,-0.03244273457543755,-0.01936016265323879,0.05082362095603467,-0.022722478296014384,-0.01354149791146652,-0.046141846670990694,-0.00018613957226060445,-0.011137659170376924,-0.03633439487975296,-0.004142521864458385,0.040934539790075754,0.003875885870473897,0.04181468429596004,-0.04034575191541059,0.01135162793601581,-0.047933122300150205,0.000823796972377451,-0.014817582138150197,-0.00771307970644871,0.03452129456654902,0.01142971564485534,0.04272992373939742,-0.011254182956468756,-0.016051679466230123,-0.00020833440646086466,0.005605547308635985,0.0024855830625122597,0.024568840544157106,-0.03285079695626623,0.023628066568597242,0.00708105820592281,-0.010160949455620578,-0.02094548995406911,0.005113595781871033,0.02496349744466777,0.007039106253648605,2545.1843296416596,3063.10301394615,20.152511437988338,10.328316300157201,15.254449514901788,13.952276890441858,19.72581847965493,25.069993678144833,55.71704385972013,4768.902743643618,0.02425256300412658,-0.011495243099570058,0.0009161494950782993,0.03583444159042665,0.044995871967610936,-0.0024174004235379175,1
0.0605054725964168,0.3685021996498108,0.4892573654651642,0.5465728640556335,0.510479211807251,0.4042993187904358,0.3201986849308014,0.2675110697746277,0.2589369118213653,0.3104942440986633,0.3247784078121185,0.3055072426795959,0.3076827824115753,-275.7740478515625,134.60084533691406,-16.865427017211914,33.71458053588867,7.514719009399414,6.796931743621826,-14.839845657348633,-6.335110664367676,-20.68691635131836,-9.282686233520508,-14.605823516845703,-10.750959396362305,-8.868094444274902,-17.002592086791992,1.3402155637741089,-10.34373950958252,-8.599567413330078,-4.751555442810059,-5.2830023765563965,-7.951141834259033,-0.0531941577792167,-0.021747363731265,0.0155995031818747,-0.0019573173485696,-0.0019905858207494,0.0028368909843266,0.0002810042060445,-0.0041899005882442,-0.0011233532568439,-0.0003572877321857,0.0033070931676775,-0.0012997041922062,0.0008128972840495,0.0026102948468178,-0.0027830835897475,0.0015046310145407,-0.00164560158737,0.0016619892558082,-0.0004302818852011,0.0008923276909627,0.0381403639912605,0.0152753693982958,-0.0105182072147727,0.0014166339533403,0.0007106535485945,-0.0012582725612446,0.0001056689943652,0.0025697629898786,0.0005544140003621,0.0004248660698067,-0.0024324324913322,0.0011435287306085,-0.0001635402732063,-0.0017457060748711,0.00180429010652,-0.0013592818286269,0.0016581601230427,-0.0012254795292392,0.0003797229437623,-0.0003616732137743,0.1142960488796234,2327.334510541361,2574.72864612948,21.46088246259065,14.670248267040106,16.46174023432899,16.709624035718065,16.96850541518477,20.46155390304916,54.133315348493184,4242.900930191808,0.0026966208704403,0.0081982728522594,0.0040964166907881,-0.0472203821955907,-0.0226695715277469,0.0018336201044672,1
0.07917089499582096,0.3672927667814494,0.4724291837626751,0.559092525405647,0.5156311122889665,0.3873465219780284,0.3168083901843315,0.25004043246866836,0.25205165456124345,0.342379579823738,0.34177316525654666,0.31626401347783495,0.32471410001273443,-275.74538647673194,134.60043208665766,-16.847584036103466,33.71341248739785,7.4530236700512935,6.804071016461925,-14.84363200619593,-6.336475914312667,-20.67996080710368,-9.299610086720572,-14.586033475515471,-10.745545086593049,-8.881801809939134,-16.98213227416562,1.3355175747377257,-10.353073924518,-8.576405614736482,-4.756839097935421,-5.300828137074691,-7.958039181727439,-0.02977799377754887,-0.021030874096304105,0.029383155934098196,0.014390691055704948,0.05300556012959886,0.009150766207751137,-0.012628458030101179,0.022944614462555878,-0.02272912718121011,-0.019888152258782082,-0.024290374575511357,-0.005922575254575529,-0.02109854448843994,-0.0069229704178401736,-0.01972945533946677,-0.04154531601344906,-0.011310118428086813,-0.0020812782231428824,-0.02291781690223833,-0.008140826306861674,0.04023958738334696,0.015068514938971923,-0.03388768716987033,-0.016332121666752637,-0.043924352288324066,-0.01857899544213069,-0.031110626844107765,0.0254303709397533,0.0021088129321720182,0.028064802550614026,0.014537579983036132,-0.024692607389248156,0.02717163614839815,-0.015380537327262012,0.007219490671749106,-0.025590042016945085,-0.021367089692002798,-0.030545641842097224,0.025659481538875897,0.021246862922660165,0.11672762212264375,2327.3460988837724,2574.729693998009,21.42905884809719,14.677137139145655,16.485759492287006,16.722061497105376,16.989538323381698,20.480717689753703,54.12978006304841,4242.897849671672,-0.028268134711141955,0.005478921779119969,0.013711887296066073,-0.06416464756374173,-0.025926343047052738,-0.027410332635338642,1
0.0489465862771739,0.3807072639465332,0.4259203374385834,0.3771954476833343,0.3559015393257141,0.4130058288574219,0.4731826782226562,0.4227195978164673,0.3560000956058502,0.2793530225753784,0.2486587911844253,0.2901000678539276,0.3275652825832367,-342.5038757324219,149.8536376953125,2.8485119342803955,14.693181037902832,9.383504867553713,-10.308473587036133,-15.938735961914062,1.1540616750717163,-14.9412841796875,-27.00213050842285,-14.9003324508667,-14.028757095336914,-15.165297508239746,-9.438570022583008,-7.961833477020264,-5.83151912689209,-1.024522304534912,-4.319551944732666,-7.959834575653076,-7.070606231689453,0.0639318898320198,-0.0058984574861824,-0.0032786559313535,0.0254302881658077,-0.0170174017548561,-0.002517094835639,-0.0108628617599606,-0.0039745266549289,0.0042875059880316,0.0013549373252317,0.004906291142106,0.0066266134381294,0.0018599585164338,0.0190767776221036,-0.0053779305890202,-0.0007484346861019,0.0129183623939752,0.0088887028396129,-0.0016468710964545,-0.0070245810784399,-0.2422296106815338,-0.0989690124988555,0.0447182096540927,-0.0112146232277154,0.014505754224956,0.0066725024953484,0.0067271240986883,0.0059081204235553,0.0149178244173526,0.0182211548089981,0.0043736840598285,-0.0018099370645359,0.0075112567283213,-0.0075671984814107,0.01218425296247,0.0036261563654989,-0.0072932010516524,0.0003748007584363,0.0108886025846004,0.0032132097985595,0.0648977905511856,1863.5835140033207,2150.4746188475574,21.873782414110483,13.677742024980228,18.320686168256373,15.418743957972271,16.80111292755903,24.36862281776125,51.067198613835394,3516.147376019021,-0.0123434146674958,0.0127565189925557,-0.0308813442330323,-0.0116630774695913,-0.005214288152611,-0.0016638894142258,1
0.0605470296098912,0.3750175982946105,0.4006736725936091,0.36364281218808847,0.37594925621508846,0.3955745177233411,0.5076399192062269,0.42729023654205667,0.3363476532723062,0.26506178591835095,0.24506294553919794,0.28886647133849225,0.35518091300082777,-342.50354965032346,149.89286315530148,2.842421289491003,14.732215469445993,9.423159812496008,-10.326944147904921,-15.925268199289391,1.1593292175076166,-14.974641957637697,-26.98686613692121,-14.887327032379284,-14.026438349252016,-15.216240829421785,-9.424212214072048,-7.9575148883885385,-5.8367411331409516,-1.0142902456185174,-4.338167040685274,-7.919287712078317,-7.111247255306508,0.042794471942864946,-0.005355698842039162,0.010165076643154325,-0.01380248790314571,0.013470819742997485,0.024193743196992034,-0.0065069458960840725,-0.006714700657160441,0.0013071110327712034,-0.007952045669904172,0.01015859755740452,-0.012149825997171456,0.058932766085409094,0.007125833120031585,-0.029942504873064196,-0.009099347673043844,0.03576868897223451,0.005862226851210848,-0.007798020370840872,0.016679883066218773,-0.2589129300920133,-0.11102488951468148,0.007649831718476358,-0.016820899919782976,0.01725908941974689,0.014253409052550205,0.0029645601594659545,0.01595643078129783,0.034791216926450375,0.024971893347534684,0.04529128446807707,0.02019655746853084,0.03059342279253481,-0.020291482136129774,-0.00295549547773653,0.0320348178840242,0.003552289968695206,0.029942399387926654,0.005329785081264711,-0.0022923842004693358,0.08232919583686119,1863.56989672603,2150.4768974458066,21.830755601237158,13.680625118608287,18.307529609047116,15.425227135162078,16.790570780919264,24.36690618361611,51.10633088052955,3516.1202548366055,-0.01682720473887517,0.002846781034932855,-0.016456263550134825,-0.011515243434174727,-0.0011910630461718702,-0.00602430703392365,1
0.0669095817508806,0.4676427543163299,0.4486467838287353,0.4691681861877441,0.4650002121925354,0.4223624765872955,0.4016965329647064,0.3802827000617981,0.4140253663063049,0.4635459184646606,0.4739838242530823,0.4637099504470825,0.4966270327568054,-399.5850830078125,140.01953125,41.64325714111328,3.69800877571106,-8.354612350463867,23.265005111694336,-8.926820755004883,-9.269161224365234,1.4858847856521606,-8.954096794128418,-9.28636360168457,-12.5117769241333,-6.98026180267334,-8.93892765045166,-8.897443771362305,-8.571731567382812,-2.6343562602996826,1.122512698173523,-0.1247483044862747,-1.7768189907073977,-0.0026511726900935,0.006669414229691,0.0030772965401411,-0.0058814771473407,-0.0003926946083083,-0.0015336577780544,0.0011376163456588,-0.0009645783575251,-0.0039134118705987,0.0021534508559852,0.0038963840343058,0.0007021474302746,-0.0007883778889663,0.0009635020978748,-0.0007242583087645,-0.0003465999325271,0.0005123612354509,-0.0007775838603265,0.001136150676757,-0.000166994635947,-0.0059579331427812,-0.0055066845379769,-0.001601944793947,-0.0023701435420662,-0.0022988212294876,-0.0006164370570331,0.0011423457181081,0.0027265788521617,9.567755478201434e-05,0.000480603048345,0.0011848361464217,-0.0006830881466157,0.0005966334138065,0.0002946360327769,-0.0002929490292444,0.0006208757986314,0.0002061062405118,-0.0020567115861922,-0.0033765437547117,-0.0019003159832209,0.0377095453441143,2258.9181161983424,2742.708216242432,18.632862239264277,10.204429421802118,15.35662998900598,15.911389632074744,18.23287950332679,27.210199274004317,54.1745114207612,4235.242553872193,-0.0059914073266133,0.0073468647871582,0.0343876806785359,-0.0071092468849622,-0.0151004615965176,-0.0044640471889357,1
0.07425756056234702,0.4794129814947958,0.449745837405889,0.45310553690774324,0.5057492644312563,0.4244304052652299,0.4145859891689445,0.37018184459346964,0.3713448742445592,0.4455989207327297,0.44946988213075945,0.5030976108140534,0.47117182196822666,-399.5977310272885,140.00840382732403,41.64258567096695,3.733684295484552,-8.35690340423845,23.246252326810247,-8.904647607378031,-9.31742335137089,1.5134978747766046,-8.958980710151582,-9.299155643018253,-12.507062243597263,-6.945436500194073,-8.936499219966642,-8.876716965083414,-8.56773410789329,-2.647051362029022,1.1074880137796805,-0.11497133178636958,-1.8073000586825052,-0.005782288040466488,0.022648220997976493,0.004233146349571293,0.008968683594385745,-0.0306251446895642,-0.013172662002638157,-0.014220709388970354,0.0003838509876281026,0.00409819977724584,-0.040725070479721126,0.03318158934709044,-0.018996392073484053,-0.00883265809019096,-5.253302716426759e-05,0.005329530006034442,-0.011742923429343506,-0.020450413424571497,0.03373649253773771,0.03833705024017689,0.006010655083108101,-0.017794727953861014,-0.03692743784843473,-0.026549871140519262,0.0016370141673539952,-0.03084765529048269,-0.0037114151452939557,0.003174749266740733,0.006025496955068765,0.014414096385064861,0.017712820138903858,0.010218736522914421,0.03002928345196356,0.017169704333772396,0.014624806766786146,-0.02935163023932314,0.006348101659917791,0.04224748098658002,-0.025066784022385144,0.0011857933330823556,-0.00961732395676538,0.021822390215472432,2258.913967503564,2742.713639618002,18.644113296778162,10.197965309139946,15.36402185649384,15.927368915961273,18.221402774818344,27.204588850173543,54.19288176829796,4235.291142225444,0.006461871934109888,-0.00801501150295707,0.02778993847518182,0.02190677358381158,0.0032763420867996437,0.009622550884394926,1
0.0327105373346336,0.3036439120769501,0.2994827926158905,0.3154204189777374,0.3649870753288269,0.4022481441497803,0.3464569747447967,0.3205361366271972,0.334106832742691,0.377586156129837,0.4348695278167724,0.4495004117488861,0.3899523317813873,-377.95318603515625,157.32418823242188,53.68156433105469,17.648656845092773,-10.16644287109375,5.733715057373047,0.7667897343635559,-5.537344455718994,-7.495416641235352,-14.425965309143066,-10.600790023803713,-22.350873947143555,-20.641565322875977,-4.294238567352295,-4.9332356452941895,-7.156644344329834,-4.8116631507873535,-1.0339791774749756,0.0315047614276409,0.598146915435791,0.0172079913318157,0.0193743556737899,0.0071118171326816,-0.0027924820315092,-0.0020726546645164,0.0044614491052925,0.006439549382776,0.0011722181225195,-0.0044164438731968,-0.0044474913738667,-0.0019997737836092,-0.0015088175423443,-0.0023341600317507,-0.0016532713780179,0.0007251509232446,0.001113599166274,-0.0005976661923341,-0.0002842918329406,0.0015844816807657,0.0018521911697462,-0.0420162640511989,-0.0422069653868675,-0.0115361372008919,0.0025447469670325,0.0004948644782416,-0.0019188380101695,-0.0003386507742106,0.0012370675103738,-2.877877159335185e-05,-0.0015363157726824,0.0017814539605751,0.0061031780205667,0.0043723960407078,0.0002919323160313,-0.0005202497122809,-0.0005539110861718,-0.0023913015611469,-0.0040840641595423,-0.0038090201560407,-0.001610119943507,0.0630886927247047,1387.365719160232,2181.2150864521823,20.816289024133887,13.06151893091792,19.478985993681917,16.959771993320626,20.88399738042139,25.120375087644813,53.98227553919306,2431.9956061312755,0.0226779656151322,-0.0293167039220517,-0.0100803650110667,-0.0061452010879611,-0.001408676595932,0.0143076785497877,1
0.02605382722136041,0.3063789575248679,0.26647051088660595,0.31768594960633345,0.38360184873286574,0.3971263667591249,0.33139494213728776,0.32054165885394237,0.3350291612737092,0.40161769945151293,0.401964494855769,0.43417151819744904,0.41520911043038744,-377.9692946964943,157.31569151303762,53.70114201001214,17.634504829210382,-10.183644614779524,5.765815282057671,0.7968344426349517,-5.500920403892938,-7.4762427008705,-14.429062270265366,-10.609677833472386,-22.33786142073788,-20.640378079095395,-4.324003571875733,-4.915793150672955,-7.099469165458594,-4.827154895405706,-1.004091083543663,0.007466597483373805,0.6202128924700959,-0.008595863208221227,0.043269526314915055,-0.003989490627278888,0.012251405650614191,-0.002356047889151583,-0.011959955735359715,0.03009276480756872,0.01496811699068599,-0.00944916082046482,0.020072850588730227,0.01772302494254202,-0.01218510421976455,0.008996772910889059,-0.010569983738344337,-0.021371634399134087,-0.0032915843499739636,0.007686228588587866,-0.0012402596417870457,-0.010978033700755976,-0.010413854308824246,-0.051178144968457635,-0.01987986887201861,-0.017968332082801665,-0.01995054447460149,0.007422487600834477,0.029094049533193465,0.021522034256087508,0.024309442932115954,-0.02209755638425103,0.010271453499499796,-0.019939638365470875,-0.004079141991605967,-0.0011246714564346616,-0.012981461782183866,-0.011209739996816716,-0.0166795116402245,-0.03819894825295382,-0.027661556248845386,-0.004571852030831667,0.01217031159639784,0.08166837942022083,1387.3805908215209,2181.2311761038327,20.778109503302183,13.060001481613206,19.455988643144188,16.974931331906426,20.854993435196814,25.137869750803826,53.957503981174625,2431.9987192124504,0.07288226589117974,-0.013619173334569072,-0.0286266441632301,-0.02273698455448867,-0.01143222915063185,-0.024440534372442965,1
0.0506727786082896,0.545896589756012,0.4596132040023803,0.3832070827484131,0.3034069240093231,0.2594622373580932,0.3010047674179077,0.3466625809669494,0.3451063334941864,0.3505288660526275,0.3347394466400146,0.4503719806671142,0.5666634440422058,-365.45416259765625,151.57412719726562,0.1690485775470733,25.454364776611328,13.862884521484377,5.499499797821045,-3.032828092575073,-3.86661148071289,-10.12770652770996,-13.116501808166504,-5.578212738037109,-12.62934398651123,-11.524151802062988,-1.7567274570465088,-4.399811744689941,-7.600223541259766,-1.2008564472198486,0.2937138974666595,-3.393340349197388,-5.57802152633667,0.0499642863869667,0.0496055148541927,0.0151062877848744,-0.0038575187791138,0.0013361814199015,0.0120310625061392,0.0053589134477078,-0.0053233373910188,-0.00857949629426,-0.0045522237196564,-0.0020121084526181,-0.0005353849846869,0.001923844218254,0.0005777241312898,-0.002291808836162,-0.0046750847250223,-0.0071779508143663,-0.0037220676895231,0.0015156372683122,0.0015247858827933,-0.0018376891966909,-0.0150550575926899,-0.0136088728904724,0.0002298780018463,-0.0021762866526842,-0.0011995029635727,0.0015793453203514,-0.0008598573622293,-0.003819236299023,-0.0026235738769173,0.0018765273271128,0.0022819167934358,-0.0024253528099507,-0.0020081144757568,0.0016265329904854,0.0008737202151678,0.0004669399640988,0.0001876970636658,-0.0028222347609698,-0.0033457234967499,0.0397740378975868,1851.203488199087,2177.2819463606224,20.42808730186041,12.672328629561964,17.005240691986916,15.223843926705593,16.415847906515605,21.67236551281905,52.347107781911205,3329.5609500430046,0.0053111836386837,-0.0683130018972692,0.0919316966333187,-0.018315984170547,-0.0251561387496917,-0.0251071091022996,1
0.08852618032035528,0.5056447279209121,0.4753172856261838,0.4044117659792092,0.2992287932954119,0.276169559258926,0.30087163729537225,0.3853601219839666,0.3653432208206018,0.35479927536412753,0.3219503270756244,0.47735547833238023,0.5891251138946318,-365.4710626829249,151.5640041802496,0.17065040293517628,25.451023915557375,13.850113693138832,5.503572867122083,-3.039626032776884,-3.870410166528876,-10.13992848172465,-13.102585223127626,-5.567718659687595,-12.634079560157572,-11.543501612116767,-1.7327050799609267,-4.421129965873774,-7.5801128402861835,-1.1845499692691588,0.2782625137964313,-3.433109701229764,-5.545596560663306,0.04811587732163218,0.023418147793003212,0.0007437355001964664,-0.022193785259084862,0.005789880797468328,0.027766509232077602,0.0241418818796922,-0.04321660839404677,0.0002516817719541084,-0.04459681771610189,-0.024712425098603604,-0.010473877571312526,0.005615591633145363,-0.0320640920287452,0.025290983861407202,0.027931269194331088,-0.006948434233079891,-0.06489630984448115,0.001978290041987366,0.0026988620680320485,-0.016351117378246988,-0.007579200729212989,0.006265060886187038,0.04998274897228142,0.018219729028030186,0.028109862393376674,-0.06058593165982995,0.011288787970050344,-0.025377968775791983,-0.014486202625340578,-0.011270138371829051,-0.0006962913129115859,0.01531023226281019,0.006090901788160833,0.0005477607277665896,0.03117399244305031,-0.008977671505486258,-0.01613856586076756,-0.028307699684268918,-0.03405332052441183,0.05768534664809985,1851.212976806157,2177.307913486383,20.463457613586964,12.643863597613123,16.999158926045556,15.206224037364702,16.411050459558712,21.69722962314985,52.38271019503701,3329.5777933698255,-0.016347780458405556,-0.05258447549612361,0.09392376090429672,-0.04211396658346024,0.01496602226966013,-0.04176560099721509,1
0.0716575766509434,0.3522444069385528,0.3687876164913177,0.3400579988956451,0.3710873126983642,0.445899486541748,0.479994922876358,0.4668502807617187,0.3998124301433563,0.3260356783866882,0.3096304833889007,0.3322056531906128,0.3621583878993988,-290.0792236328125,138.61073303222656,-19.301502227783203,22.838144302368164,-15.961434364318848,3.1599974632263184,-9.281222343444824,-12.948524475097656,-15.166064262390137,-12.672155380249023,-10.55882453918457,-12.483979225158691,-4.833224773406982,-3.097122430801392,-10.963055610656738,-9.014626502990724,2.4013688564300537,-9.06789493560791,-8.548688888549805,-1.097859501838684,0.0364958569407463,0.0318712592124938,0.0103532094508409,0.0021667818073183,-0.0013863777276128,0.0011680438183248,-6.362511339830235e-05,7.949162682052702e-05,-0.0031652324832975,-0.004716866184026,0.001955704530701,0.002646091626957,0.0010749661596491,-0.0008390365983359,-0.0001697096304269,0.0049243997782468,0.000262646441115,0.0047366372309625,0.0036046972963958,-0.0048465286381542,-0.0017262956826016,-0.0243382416665554,-0.022036300972104,0.004126944579184,0.0017942151753231,-0.0051758736371994,-0.0022896812297403,0.0019831999670714,0.0028113257139921,0.0060700783506035,-0.0006030144286341,0.0001197433011839,0.0020035828929394,-0.0002256914158351,0.0043168002739548,0.0020507054869085,0.0041266833432018,0.0010904513765126,-0.0019773638341575,0.0041219061240553,0.0720405131578445,2496.2285418945985,2509.86172218264,21.74253889531595,14.395833608873094,17.568969407005078,16.91723233163563,17.587851486520826,20.33853300077692,54.99047358876536,4611.893110687386,0.0130693011375637,-0.0257712813163179,-0.0093883481821897,0.0139085100705797,0.0115910935113796,-0.0001361600712295,1
0.10676969734939402,0.37232580334297005,0.3847324620331518,0.3399482594550731,0.38001362950463885,0.4710292815682872,0.5281520908351447,0.48587433879288566,0.36711819568780724,0.31141471532019804,0.2894110514991554,0.3032576736749085,0.38167847159442486,-290.11683069031835,138.63608351388288,-19.33726996340056,22.872511007148898,-15.942744064924899,3.1593333505798022,-9.271161061389202,-12.96278154641228,-15.162199356549388,-12.68243044641415,-10.55940673291038,-12.488777762117037,-4.822744291401153,-3.084750037878695,-10.932691760965955,-9.02415167705142,2.3830722928833445,-9.057133654695374,-8.546346278104117,-1.0986459933504695,0.016413987280471207,0.058692035024589015,0.00020256384557844863,0.02744530634703117,0.010682405533277504,0.0015308668466863856,0.03584324738041088,0.017668613694144394,-0.0100004267141638,-0.06372994163061285,0.007851245958417618,0.025968187964479025,0.00037700215120460405,-0.015807468930995296,0.015973966892271665,0.019301512817713272,0.017362249101965734,0.015974183753939292,-0.006340121910979684,-0.01632049954322337,-0.003618096747498592,0.0024960543562772587,-0.03680507428280963,-0.00026489399738267166,0.022887214552822107,-0.031056705549807148,-0.006124253747782409,0.013825551971923488,-0.024991810350181352,0.001068836867885616,0.019718683988381072,0.015001116784166404,-0.0011622435089776043,-0.02127281820702091,-0.014591468478117368,0.013383270640786217,0.004460588832531502,0.006402908190194341,-0.008780657385444451,0.025255069385463826,0.06969085377624927,2496.170119064456,2509.8577069323096,21.733791262523376,14.377490867294865,17.549705519564142,16.90660908681183,17.592455308134813,20.302573631631613,55.00798788739999,4611.876771198363,0.029454012131264966,-0.020039648197551573,-0.024902525411086864,-0.00020537887915354595,-0.006181749141347935,-0.012602283038968196,1
0.036927268683274,0.3038323521614074,0.3224662244319916,0.3825909495353699,0.4478379189968109,0.4796767234802246,0.4273865520954132,0.3116412162780761,0.2452152371406555,0.2450075149536132,0.3082295060157776,0.3813669979572296,0.3443586528301239,-337.3149108886719,171.31365966796875,18.40168571472168,3.1329476833343506,10.207322120666504,-6.765892028808594,-23.796669006347656,-11.981444358825684,-14.999191284179688,-2.4981281757354736,-19.26385498046875,-12.402362823486328,-6.6977739334106445,-8.876859664916992,-4.816568851470947,-8.328420639038086,-7.046580791473389,-4.882606029510498,0.9214390516281128,-11.136195182800291,0.0766474083065986,0.0318805426359176,0.0043848087079823,0.0146480817347764,-0.0104385362938046,0.0035950792953372,-0.0019105089595541,-0.0048789936117827,-0.0117868902161717,-0.0059497593902051,-0.0039003894198685,-0.0051562367007136,-0.0013391800457611,-0.0013329522917047,0.0070007569156587,2.9460052246577103e-05,0.0036053517833352,0.0061482451856136,0.001688334159553,0.0013842793414369,-0.0033594314008951,-0.0333449058234691,-0.0150575451552867,0.0094433622434735,-0.0067175896838307,0.0032893095631152,0.0061232205480337,0.0045713055878877,-0.0019930778071284,0.0012831806670874,0.0017989467596635,0.001465396140702,0.0013961900258436,-0.0017572198994457,0.0026752990670502,-0.0045710867270827,-0.0043685035780072,-0.0003248329157941,0.001233467250131,0.0016980968648567,0.087774209678173,1525.066555993129,2246.8030660975974,23.2527043740605,15.466119193829586,15.920557383491088,18.169166843351498,16.860121926180426,23.57410868598572,51.373192541780085,2680.9987349866547,0.0050116309402144,0.0037285441106287,-0.0185560345943037,-0.0135946554179864,-0.0033174260440426,-0.0110633503531314,1
0.06790286859955998,0.277994064027832,0.34285003634616207,0.39276174281718534,0.459323578077585,0.4903621543950014,0.43583839641946215,0.2917998643404215,0.2554349178062943,0.2479773548826422,0.27606905730444486,0.3823226422635096,0.3272981825748023,-337.29368858627384,171.29141355922556,18.400013785577897,3.1458073529327772,10.187714703540433,-6.771725700919171,-23.79618420645809,-11.984847882822748,-15.004540041930023,-2.4786181180581353,-19.263597008482417,-12.407684440457782,-6.710613910155609,-8.881881155316737,-4.827203747129944,-8.329853584571776,-6.994686541412489,-4.903257375831846,0.922834875299437,-11.165358201013076,0.04015873111410121,0.052782858453544745,-0.026890121731830897,0.007191868717789189,-0.02375998966620029,0.016083931952127546,-0.05074434476806641,-0.008933295035108058,-0.01686981827713165,-0.04109889981639571,0.04332019120126503,0.0022502183350420583,0.010280535934829516,0.02175550023763048,0.024900117018556947,0.008495795038018967,0.0031980536373496316,0.02058538913315133,-0.010343771077792802,-0.02040013709539619,-0.0017882180258476338,0.010091149500590778,-0.01299422516034236,-0.011964480934777566,-0.014612004641795615,-0.0325973527320288,0.022019825362425752,-0.01156609896337949,-0.03267715288351842,-0.02610425995735507,0.024864342124770997,0.006343647414799536,-0.003920810424405013,-0.008457698166002026,-0.018022873902822662,0.03246852613055981,-0.01168993567021116,0.006626006015103971,-0.005958781486817581,-0.010782713480342813,0.09634310865528146,1525.0420715311297,2246.7940575257126,23.270083222471442,15.479070550881387,15.936428783898448,18.15918246096694,16.845549027206914,23.554871817575464,51.37872167419959,2680.991508288291,0.006844034735309457,0.019266709625965106,0.014505594333230832,-0.002167891824405346,0.011756212091068972,0.006403802344320296,1
0.0384849594829045,0.4338626563549042,0.3984410464763641,0.2479010224342346,0.2123280614614486,0.2830581963062286,0.4485343992710113,0.5119749307632446,0.4462548792362213,0.3411603569984436,0.2964800596237182,0.3231299817562103,0.37367644906044,-343.0627136230469,166.57742309570312,-4.882614135742188,15.203678131103516,5.448441982269287,0.1934223473072052,-10.517802238464355,-9.136797904968262,-7.763933658599853,-13.143806457519531,-14.038454055786133,-8.329034805297852,-5.817148685455322,-7.421507358551025,-0.8357582092285156,-6.126770496368408,-2.019564628601074,1.8518425226211548,-4.325011253356934,-4.569119930267334,0.0820507481694221,0.0553901083767414,-0.015143415890634,0.0127232577651739,0.0243113711476326,-0.0123499687761068,-0.0100789004936814,0.0065091177821159,0.0083409957587718,-0.0082147857174277,-0.0098211644217371,0.0039238641038537,-0.0024176612496376,-0.0080215353518724,-0.0031515611335635,0.003255798947066,-0.0019356298726052,-0.0071626491844654,0.0009704201365821,0.0049534123390913,-0.0353282466530799,-0.0172168500721454,0.0135681862011551,-0.0039915624074637,-0.0063632219098508,0.0086466949433088,0.0044850539416074,-0.003529188921675,-0.0021870010532438,0.0082961805164814,0.0051325629465281,-0.0042705019004642,0.0022832215763628,0.0028033626731485,-0.0031260224059224,-0.0034855075646191,-4.48502141807694e-05,0.0016701025888323,-0.0025349154602736,-0.0015375738730654,0.0515195690095424,1589.542080776544,2012.4432701312248,19.72482930977516,14.3382116297659,17.991492211224624,16.308121410991884,16.88148268423553,21.71176038603673,52.16195028016016,2762.825135145142,-0.0176218737781612,0.0416534083747931,-0.0957053475349589,-0.0346195078114416,-0.0215155775541196,0.0115113414078935,1
0.04508512185555623,0.44843019966966396,0.36651253922878285,0.22597824316158535,0.24714967193289808,0.32339348715085126,0.4302556208658316,0.5260486405901567,0.4268534967279179,0.349391648353513,0.30986805563186176,0.3211607346624115,0.3770795059289795,-343.04427885480504,166.6012146070696,-4.9118343480894975,15.213292425900894,5.489128297819887,0.199473930737302,-10.524002146328513,-9.161296293998113,-7.7428342264154555,-13.137444406833152,-14.044436679778777,-8.337058458755369,-5.805852994940201,-7.4228446394998215,-0.8696615801760393,-6.136234778923231,-2.0194707279458974,1.9061952790308454,-4.306732626869872,-4.566234422951544,0.10244908890364504,0.06769849900238427,0.0033998773666064925,0.045505194661780386,0.047154057663226584,0.003552519868376007,-0.01979478978031042,0.00046219040556704383,0.015092545841707617,-0.01143158293190364,-0.03633363584185216,-0.012541603288780154,0.008165089285635408,-0.016826080849756148,0.0077752682274193265,-0.015468193538165472,0.005753584206002234,0.018169867873386494,-0.012491953735998186,0.023653482358277064,-0.0439126053803857,-0.03529996095007647,-0.002130239698407888,0.022353103166257878,-0.02405680173734161,0.01518084085433873,0.005968372100077762,-0.004227229041638953,0.018422031312482417,0.019583043207707353,-0.018991484636886755,0.02668953794762837,0.01409261813566668,-0.02727604391945179,0.005974413477061245,-0.021373980172241732,0.012368926963335688,-0.0257530961924276,0.03829173037776731,0.009450360236859637,0.07676022721983777,1589.534955718081,2012.4331351139367,19.699670480622522,14.374318615862919,17.97670587784248,16.309130419193924,16.902176811107143,21.69969396794395,52.16497829437509,2762.8068359325052,-0.035791047428229084,0.048586205403696785,-0.0819462872112812,-0.002592572925293385,-0.029155383854648522,-0.010203609346300444,1
0.0564205501175421,0.3032658100128174,0.2436713427305221,0.2018108367919922,0.2072448581457138,0.2343401461839676,0.272029846906662,0.3242121636867523,0.3745356202125549,0.4457723200321197,0.5210714340209961,0.5061788558959961,0.4085017442703247,-365.5841064453125,138.2938690185547,35.08335494995117,4.8394293785095215,-12.045968055725098,-2.463850498199463,-19.759069442749023,-9.920031547546388,-24.11641502380371,-22.785587310791016,-19.68620109558105,-10.290390014648438,-11.904536247253418,-12.100635528564451,-4.676237106323242,-15.12192726135254,-4.724114418029785,-4.761747360229492,-9.001118659973145,-8.539043426513672,0.0959308072924614,0.0595174208283424,0.0142097920179367,0.0136775700375437,-0.0008573507075197,0.0012834860244765,-0.0067525063641369,0.0047716032713651,-0.0023750003892928,-0.0099242087453603,-0.0113812591880559,-0.0053129005245864,-0.0063412464223802,-0.0092915585264563,-0.0066638817079365,-0.00629074126482,-0.0019927390385419,-0.0077755497768521,0.0009568340610712,-0.0001338693982688,-0.0303307231515645,-0.0109830712899565,-0.0009247672278434,-0.0055332542397081,-0.0023792854044586,-0.004087378270924,0.0050803893245756,-0.0034691798500716,0.0031019567977637,0.0087419208139181,0.0056462343782186,-0.0005413994076661,0.0012877900153398,0.0045259241014719,0.0016030652914196,0.0038108357694,-0.0011523719877004,0.0039530689828097,5.2085491915931925e-05,0.0039111971855163,0.0739143714308738,2149.610537023849,2597.865553854096,16.843304556107547,14.417663491151576,17.72810088478761,15.794483483227507,19.64061420060284,28.96146067582338,54.543199982104895,3804.548330344114,-0.015532035801761,-0.0053637589035118,-0.0389370039678359,-0.0118032734821179,0.0032248390433005,-0.0059331659077258,1
0.07485940993427187,0.29248572480357915,0.21288176409557555,0.2246814029050242,0.19140545767533526,0.2515912916227322,0.25972050305762945,0.31230245353503105,0.3529767042009652,0.4601082424377827,0.5204635860976772,0.4895935492246535,0.4001988241451009,-365.59479037293386,138.27468138344216,35.08304191970255,4.846309248661688,-12.03959378724527,-2.4694428350385076,-19.773297530706095,-9.949321123940228,-24.1335537038253,-22.791430946183308,-19.66362865011176,-10.274593073634081,-11.908807904516095,-12.127247319391136,-4.6503734105613805,-15.08447070344398,-4.711650586841822,-4.754172953101339,-8.97782314241544,-8.533524749537744,0.09788818834618167,0.04790645534533572,0.016795571708112116,0.08617286734358155,-0.003888846038825955,0.016920234518688505,-0.00015111323883557938,0.008460525692419792,-0.0013473275732779077,-0.009058038033275519,-0.014439978623265034,0.0040887888988032734,-0.01650128355470412,-0.0013772988878576128,-0.0015493046127543035,-0.0058645799704373225,0.016619646680859315,-0.009926322118088764,0.011176987574335877,-0.03741897866362237,-0.04139720741549871,-0.005365867916481797,-0.013816105320233205,-0.01005042767369186,-0.01507242778173098,-0.003523399626668467,0.004484889445542174,0.003691608510731432,-0.005914615280742908,0.04457354425926197,-2.221153418544789e-05,0.03974271291876489,0.025615550245540804,-0.01970665930628539,-0.010287200705670223,-0.015505706095365342,-0.01097239240331628,-0.024956229143763758,0.016939560528290383,0.008171830330168984,0.07843464266027446,2149.633795625123,2597.873669857072,16.860480076647185,14.401536378441298,17.761044286093192,15.779079686911713,19.623834706253565,28.954317867688008,54.54903991593429,3804.5529276485045,-0.03114969533583505,0.0019221052735569405,-0.03100184145591091,-0.04957328907625881,-0.012176554990485778,0.003804652719044843,1
0.05442540769389842,0.3186218850406666,0.31844275602178096,0.3061358893280228,0.2880718981197027,0.29785865201171213,0.3345669051574029,0.3809453964609252,0.41886166449897594,0.4112245870509535,0.38571996578426415,0.34661878077827324,0.3345196418309023,-308.7633991302411,151.53302597935664,-5.50092912707631,22.668572847844008,4.292367179627071,-3.2154602471864298,-7.59428015893776,-8.04285645333135,-23.031696658645934,-20.587403534650292,-5.235280404403168,-12.841598775361806,-16.57098566959174,-7.144491587012836,-5.732194818487931,-6.666869504732515,-6.191021561245291,-7.043342511079397,-4.076855673794142,-4.6773299444576555,0.1330573064267618,0.07398479884575754,-0.01680400940246846,0.006791126920210815,0.004568644339009452,0.009718024844606094,0.007095246850774131,-0.007567105362549278,-0.008145121104307778,-0.0007757047581284978,-0.0013219432496899479,-0.01160554732851568,-0.01610268463943769,0.0020331185114413515,0.003107257691174945,-0.007065186177938748,0.004368463116184034,0.007079752593407408,0.009195663672770905,0.0066919862400543866,-0.07944575898279957,-0.03518470880734582,0.023087054572983816,0.009498080558097886,0.008625738784188739,0.0005248201388803452,-6.956581441305842e-05,-0.00015311956134266523,0.0011859448706362935,0.000641533385248847,-0.001877938618025361,-0.0015817409108484328,0.00205605548594127,-0.0012231564727876879,-0.006275453764948864,-0.0010219922922789634,0.002950453388117777,-0.0014337071614828555,-0.007302308430439783,-0.0034501632849112023,0.08145878622048151,1912.2645086510458,2064.305755854087,20.941160007997844,13.70559336825182,18.3433072521856,16.613731076381686,18.78002160299816,23.899069643223832,52.692331407067655,3418.8105594956282,-0.0012784331475925448,-0.0017192174067983453,0.014668855419136213,-0.02281943747134621,0.0022265802618648724,-0.0014470348536364513,0
0.038887486225996505,0.30381566374562574,0.29497461879831977,0.3915224147544826,0.3656963085707525,0.4116704341939804,0.43387806775356186,0.38488077972576845,0.30936504723909725,0.3095235264169922,0.3126169844575304,0.3168985536395865,0.33881931847757124,-327.98654560281807,140.129119980135,3.8120892790321648,29.560597190988684,9.476446209647438,-4.829845401570976,-12.819604980339431,-8.948691671646158,-17.200374557473268,-14.965281044223893,-4.181620826949126,-7.049846621726692,-14.21420237993496,-15.0498732110792,-3.4370717887743396,-2.1940894787167444,-5.18012452235624,-3.4943504983825027,-2.857826297266311,-6.392643029770736,-0.03394257589890859,-0.0073906480727299224,-0.015574641395843712,0.005356622172126832,0.003249663370249588,0.011484248453085856,-0.013257675968284878,-0.0027307132604471075,-0.0019709700427727123,0.02661647692054406,0.02042919629207579,0.01576019804139358,0.009728478830803954,0.001792120612425941,-0.01619521776678847,0.002975773126806367,0.02935883273558646,0.0009120972818229501,-0.016125346791541532,0.010187590181443669,-0.011196632455354561,0.006000004684603448,-0.0029465304144209842,0.022069372406888058,-0.007180312620078553,0.018760195879765226,0.017357426311311343,0.0025549973801337472,0.00824591179002111,-0.00702022205986555,-0.0034926229817274276,0.008137455646346218,0.004167358276500122,0.014885791217526985,-0.00013706706702068007,0.008464025328424503,-0.02105802790487125,0.000601131288273736,-0.006620740967102745,0.02132038303839411,0.09215812151930725,1911.578222530137,2242.743848199325,23.181028362565073,16.04572333198106,18.37933511157689,18.38180068017221,19.046409264318974,22.944515276108845,53.3930619679555,3529.738187651004,0.015309010357644086,0.005861638827241288,-0.06355846531984775,-0.01967016943861037,0.004217931181746397,-0.028801923503662917,0
0.06515605756255967,0.4171434513337056,0.4054243193576993,0.4211273978484703,0.4498566416601307,0.4330352592681353,0.3891118231844416,0.38981741914848533,0.36497914386168734,0.3416668618783891,0.3578158062977895,0.4122712087401295,0.44371896960182544,-349.0492805644377,147.71364069629809,-21.388337621536284,27.8058109117974,12.006827630978268,14.68767942283183,-22.89073562965136,-1.2945204349274173,-14.55099723844816,-3.5589255578987866,-6.216748822040566,-11.69803114744661,-6.985338707010299,-7.755889248031997,8.47299827317686,-5.801986138199853,-3.1714335838099617,0.3643928428123413,-2.1326609627682283,-3.3879490945306046,0.0640374092340572,0.05556276019420025,0.005139073134809155,-0.006298050335960655,0.0027363523911167666,0.0015397552856744455,-0.0067710978675129705,-0.004481798522081331,-4.365073072231402e-05,0.0016285592524353876,0.001944792795086982,-0.0020930612858006416,0.0004238745682848697,0.00435840479644908,0.004528432927765717,0.002154544630082896,-0.002005496578765587,8.079320348332016e-05,-0.0016219430942177092,-0.0004164276266434799,-0.033093167143136794,-0.01766610922967926,0.0012490289120814899,-0.009934109186873217,-0.006232857451244758,-0.005050154163181279,0.0023937871025058195,0.007796468914543908,0.001579538721078337,-0.0027941776922000743,0.0031786416742909857,0.008151193231284557,-0.00453875446989416,-0.00772303975262033,-0.0035316952454912667,0.00018272217863785816,-0.004121530452813759,-0.005657601994019529,0.0021469204457683225,-0.0017619321164700713,0.0300795745775404,2370.755231828972,2685.2004939399417,19.2285638280286,11.08048057989943,15.170607060382764,15.077686365197758,17.3779738069857,23.45253696236908,54.034315133050434,4256.937216392453,0.0032960978535856006,-0.00847746026710821,0.029675298437065806,-0.01631452525007261,-0.009798741594563067,-0.011024702972379974,0
0.05072351395544054,0.3815835357805668,0.34119398573748927,0.2999405691248914,0.2569779114673066,0.25091333401544536,0.2841022212747713,0.37249640532558337,0.5501355579518905,0.578223179471384,0.4416137631516724,0.38649182991424513,0.3799415516218434,-318.7310135976258,151.9962657395746,-2.169554629811843,28.95634516757195,7.000199632516545,-3.586888684060542,-9.731706940775217,-14.233455945541452,-6.938463215030213,-2.3545433515799576,-16.988213391668197,-16.32293737461555,-5.816368153730909,-11.01772370414202,-3.003612251671841,-4.371887918233014,-5.499199752292233,3.435012383512897,1.6228342468699282,-8.078873219839398,0.03293128249425624,0.02716599486128544,-0.008660790113904946,-0.006675072328933118,0.00977086252089943,0.005343990050772665,0.0013126789339930815,-0.008363709235977604,-0.005864892763770918,-0.0005917963116547978,-0.005720439401301414,-0.0068414735799415816,-0.0032479044507660176,0.0063469796065655955,0.0035002272131569733,-0.0033097515561953533,-0.001585324207485749,-0.006812604113562472,-0.003712525575221969,0.0010454995859995619,-0.07193429786315166,-0.014814347105673956,0.04541508630408801,-0.009363251108354056,-0.01653418977991354,0.001971726649222154,0.004776421408002511,0.010722838851489279,0.00035752049009994333,-0.003378392464839199,0.006113371733834662,0.007126543428589834,0.00037537176025162293,-0.006742986663709205,-0.004291056966843441,0.0033590496319823478,0.003330497495863286,-0.0014664342931143862,-0.001738981794114528,-0.0023837919303249435,0.058068179719616295,1859.6696842059416,2129.306908247134,22.734734101543268,13.128646928358805,18.179118631540963,17.085601167139597,17.87311019668392,20.3865059719933,53.40384808439123,3346.24558577876,-0.0298710156675429,-0.03799923362456111,-0.02225664239144151,0.0033804520275860536,-0.009734186458320825,-0.019819492763434327,0
0.06400403337797392,0.3219396153596862,0.3208293232606762,0.2770939057723695,0.29006548997024323,0.27342992453800646,0.3155411309012974,0.3868792184618817,0.4549705096706166,0.4144905077943685,0.40156457167610426,0.32309915919461785,0.31940277136280937,-312.1915630756927,150.13343844638283,-4.963218082711714,22.2633402206391,3.0097187759470536,-3.4301742337309404,-8.520678125711209,-10.309355525927337,-22.800780850995764,-19.74706235189185,-6.123971060621075,-12.647235999040168,-15.413311873291383,-6.24457435839204,-6.064246534073023,-7.4905906706147025,-5.375784983839192,-7.3435868606515236,-5.579715416185204,-4.535149769934504,0.11689603992077768,0.06631625082277312,-0.010671433511649413,0.00664969164207485,-0.011446217297255479,0.005423611456320327,-0.01563131772806091,-0.031016115585089495,-0.009585647897311506,-0.002399733594558648,-0.003919616105448352,-0.032155754859593204,-0.005654685309076285,0.03214140431880096,-0.009493833407582353,-0.0333266235627355,0.013660287887228525,0.016845482187330674,0.017291398328934896,0.026499008585347494,-0.07907400457763585,-0.02443969672803276,0.02465900911194303,-0.03253955732755215,0.014670515115803768,-0.008499981380332108,-0.0015492203422960045,-0.01195537824037463,0.02807517439363221,0.009823228471778737,-0.01876907735251847,-0.0015743338454663539,0.0014657403674463373,-0.021587891319287754,-0.007680525508616081,0.0028564954845703315,-0.005886162181401181,-0.009636464659270559,0.001871440718709965,-0.0006819750015190197,0.07194188702632211,1924.3243044430012,2068.72576800221,20.758644190244905,13.85890130828199,18.375615787824522,16.78583084426759,18.74195413182778,23.744418676975908,52.82324983598764,3419.4645961419974,0.01736888794999914,-0.016700749527322038,0.024284969464936485,-0.03692384002404152,0.02162431073966494,-0.008762163992382083,0
0.05931423927629994,0.3712540662203501,0.3024324115063566,0.28498551359265295,0.35098549299865334,0.37616732994538754,0.33394045798893773,0.30164950505035926,0.3189244540612609,0.36763165419851007,0.40637803932273114,0.4429285463420672,0.4314899027086437,-298.6765394572051,156.77792329276258,-9.598542033886641,21.52306682246297,11.489117345013327,-1.6844277722108143,-8.398233089625744,-6.997362875248127,-20.631040710465648,-21.98133153654467,-4.466855111505257,-10.262976099382486,-20.00332967478991,-13.344235342762044,-4.312864235095465,-3.581104494335662,-8.984517768020655,-3.642014925325185,1.899083106328892,-5.928706924614757,0.0993960842601794,0.06375339293111254,-0.0137533972118768,0.020772235433677882,0.01552832652707879,0.01711936072797929,0.014976436855103938,0.002890852995822679,-0.0037340742363173992,0.012286711300451864,0.0011588459504766407,-0.01734189949276589,-0.0064004940568562416,-0.001981699023872166,0.000871567855905522,0.002012639777384628,-0.0005060361475509659,0.003119614589565816,0.003912657482979275,0.015514912610036562,-0.08178215161873387,-0.051707595211763116,0.012220497225700547,0.01147346959858102,-0.0075003040589138635,0.001380282535111451,-0.010858530368499996,0.007170291985241662,-0.0016672882186996594,-0.0021765996947193745,0.008433627941326422,0.012846468014094607,0.006807368824755089,0.0013517375782565858,-0.0005605071789989554,0.0029098489812620877,0.010074931234929526,0.002309145773004595,-0.01382528777199353,0.0006611852679301097,0.10320691622764087,1845.7853627197906,2014.8389023784162,21.70442031973872,14.47651246270203,18.560846170016568,16.74836250029704,18.624518417494933,24.662892307806526,52.117307903063775,3441.4489397353145,-0.026231889737118673,0.000724904225185098,0.02424609579467494,0.004866389634994246,0.0008150010856770107,-0.0011606939373034258,0
0.07513273426793884,0.37284001395971256,0.2793606828629923,0.20244391770338785,0.16037266778234935,0.17259205839649006,0.2355286823338862,0.24367475958978238,0.28128751109610106,0.280606203412069,0.33626291391827706,0.4403455538707359,0.4642947645177578,-295.6376220916851,117.62227457863476,-11.513771021458064,19.63574755364497,-9.412803913191974,-1.627022267800253,-22.017420469255722,-14.185134143973746,-10.383357582298382,-20.29688510054977,-19.093722526591048,-5.338359143729146,-11.511910807537191,-12.539843576606039,-2.357852883058313,-5.789618012990327,-6.226901617306746,-0.3553761734976931,-1.0877306712932966,-5.344628742051973,0.06808649989632272,0.03444223835958883,0.009742421739406195,0.024748348154095476,-0.006944388175184912,-0.011177467389143958,0.013694684328915458,-0.027647042532631654,0.0013754500679357506,0.0311400999534727,0.00550466404892615,0.01743939620376909,0.0003170950995842463,0.038831671639965384,0.04035368678401544,-0.00936222312710975,-0.038917329634025735,-0.024568012943600205,0.01261315380135581,-0.02450046597966092,-0.035332299234979644,-0.00013839118712261804,0.013682551635358685,0.002278136956065351,0.028923686531614298,-0.03211188863381443,0.021595658480944906,-0.0021007360892862474,0.017764999019769148,0.026494272990661923,-0.022232574896738938,-0.012639485082446993,-0.00964967966823091,0.012616184379645564,-0.006201491539745722,-0.003647084032220727,0.001007768161894678,-0.03499693488638057,0.0020299777498828287,0.010647264569600847,0.10004940860291049,2511.388540233215,2571.5786097768887,14.772682762636482,15.016761274243938,20.533172575022043,18.49069950197471,19.484236473795445,24.431374192906734,55.61220375924397,4474.120841515102,-0.012795871880560545,0.03417940155663667,0.00895532258628969,-0.006210685082800511,0.019016629073007333,-0.025543678982748414,0
0.10866180649616328,0.43474145126625185,0.4046698935602355,0.3918719906457009,0.43666926045119797,0.4676089408691032,0.40197648096247746,0.3200661641740807,0.3530149423184452,0.44117303866848395,0.5417050105092036,0.5771570781393831,0.561932051770737,-398.0368313164515,143.51978580066327,1.8144435310053046,24.93476396541935,4.6908803359503315,17.469468031286173,-8.799359030968793,-5.79639841264494,-4.756583452469871,-6.637254198034157,-6.337008117126281,-8.957560098238869,-10.246146912923694,-11.996068300853075,-2.8028102479479102,-1.6655708626618762,-0.7038515529769194,-2.373017034045779,-4.63935993006849,-7.276154641004869,0.030186191488271938,-0.004758451669093359,-0.01620633757651275,-0.010460784056919222,-0.011201876020869845,-0.024452026059367013,0.009653746616611978,-0.010421482791388492,-0.02237615689315165,-0.0014800982435037152,-0.001487624856167458,-0.004006973137938913,-0.011419768616976012,-0.0036070977869238252,-0.010878728209616521,0.007550391977320044,0.0411197335193306,0.004029065766708265,-0.03878496929507762,-0.008665262330879754,-0.06731096724310837,-0.0344674818114746,0.007196269534891239,-0.031233719466525568,0.03575404275887571,-0.022946561972162306,-0.022419002349172466,-0.008255207265653361,0.0002929788736215971,-0.008758827119292004,0.00686068657121487,0.008428951053335946,0.01237644808530174,-0.023279751193705622,0.024776790767577682,-0.025654014880858052,0.019246392056037568,0.013502064118706275,0.014287015799861377,-0.027955993427185133,0.020766677527806386,2354.622980518662,2803.4921994276237,18.29535720667779,10.773476883100713,14.841522506583226,16.11254559387586,16.878680756772194,20.69081708591077,54.87181544347016,4709.664102236526,-0.012353407704358945,-0.00790531622755764,-0.04536424613752141,-0.00892690144100421,0.015359940734350855,-0.014505150509710128,0
0.05546387192776452,0.26434922461674615,0.31077428801115653,0.31577867450592323,0.2775208926490858,0.2758537635872855,0.32305602841359005,0.4122951797691746,0.4544573991730306,0.37659880161054804,0.31367009268287993,0.2704332807416421,0.2576528017295724,-323.0244552945963,145.71073906260727,-3.2919499870379467,21.0370048454595,-1.1191696773887516,-4.084391949301233,-11.407118619812149,-17.48844343884835,-22.120457884923347,-17.074579191965398,-8.902557344733564,-11.963038734292276,-11.710399697529784,-3.4245347282246117,-7.142999215469208,-10.109843010510472,-2.7259530845226787,-8.292664915801204,-10.284872617236035,-4.036356800663742,0.11615699669391685,0.06193944767338922,-0.019886151961871483,-0.008696843791071883,-0.0019450885408554873,0.001547170612878004,-0.002694528647933849,-0.0023395622205997467,-0.007969976413036244,0.002384392767307581,-0.0033945249204277704,-0.011356591465708422,-0.008930160808927525,0.0035748820060033386,0.001099586511263485,-0.008970288487518366,0.003025681924717324,0.0044555398126471584,0.008560093628551736,0.008979237909366854,-0.07365432543814833,-0.026462540730739715,0.02413957801701835,0.012302508629383875,0.01226449571986001,0.00296313525094013,-0.002336224539487875,-0.00766199317224166,6.945250596885764e-05,-0.0008413748274324025,0.0014982820376728961,4.6306879440697864e-05,0.0025970918032453432,-0.0026922575215827744,-0.0055550046355009155,0.0026406757940877668,-8.756701270884698e-05,-0.002033590945483052,-0.007458458774602933,-0.007412717739638412,0.07189343451858857,1962.2614466070759,2082.5895310703513,20.290088853413792,14.386485036404245,18.397367303774924,17.34361182012968,18.61579603090672,23.207513589961387,53.38566385135104,3421.4931239812818,0.013970961346861684,-0.006039618858609614,0.03202969702077815,-0.05604498680380472,0.010591324065140175,0.0009795100950111717,0
0.05862381104607558,0.30730309593817323,0.2195595232458038,0.17289386679518226,0.2131303816304456,0.29138910847105504,0.30272932350520815,0.28571703703958484,0.34053204793309194,0.43173202483888123,0.4796783925268722,0.4624936758006589,0.3934074304148467,-346.76386372874373,133.03211136792586,-5.708978004557627,16.608718715806077,-0.013933183802096183,-5.501749550476649,-12.476383894806641,-6.137990542830312,-19.28091398130484,-14.888028094704215,-3.8593452200805856,-5.3424578302891605,-12.509048513486983,-1.950917681630581,-0.011700937021005775,-15.54425848096261,-2.892227127461334,-2.532381665616261,-10.744361201647823,-7.578251250373676,0.028639327821166308,0.017326957426172122,-0.004224594723095173,0.009686763484472134,0.015442129469188605,0.003944812465984444,-0.010806022965329641,-0.012396360114310378,-0.0006417020495858826,-0.00359681074917865,-0.0091575470047124,-0.0068187374854897734,0.00045851774885880393,0.008318434034352052,0.003758121209146562,-0.00875143800230339,-0.006566311492506413,0.0025806767803057263,-0.0006297508016118625,-0.007667424388226025,-0.04992411340341877,-0.010734671514886818,0.02500281693980847,-0.010688336753720983,-0.008111509532554718,0.0014539250510312177,0.0016020792027645896,0.0018117555304066407,-0.004060054786474535,-0.0009270779637102996,0.0032693967510913054,0.003233583271152187,-0.004203152037622695,-0.009761355733303246,0.001891309619044112,0.0040215271236969516,-0.008427759873907726,-0.0054554505682771134,0.004804586626588048,0.005198468863306674,0.04936455333003411,2240.7122714538273,2488.9914080407475,17.18274797546615,15.526104948212783,17.982359207894444,17.253588835418586,18.07015500539919,25.301437183302486,53.837238921160726,4041.4001888945795,-0.020520941049847065,-0.032282042790730284,-0.01598801991726886,0.055902606427853545,-0.031004434503900516,-0.010662449456881173,0
0.051606773842820225,0.3803528435497776,0.3361832354977383,0.298510560624238,0.2724980883321216,0.2775710957294557,0.30738759032331436,0.3629975021098438,0.48740339005592964,0.5310179758281989,0.44998830134162604,0.40250539926415474,0.39412551810903473,-309.3276062922896,154.17205110321356,-4.282240007328108,27.306055610548114,8.186673913023494,-3.100470897569558,-7.411028290397491,-8.156464045983569,-13.212248512119755,-10.461118366036354,-11.196991987586763,-15.39929276193127,-11.721475133620464,-11.094734208352893,-3.4370393071863576,-3.8270991003401327,-7.148528063034288,0.0925667064071316,2.0320735246494444,-7.08875286036927,0.07687839499218246,0.04946056893529314,-0.010512003209553259,0.004240967635331577,0.010365514654265828,0.010238390439593622,0.007518282942585898,-0.00949916372269316,-0.0064660663485216745,-0.0018119990703268137,-0.0034386551550750055,-0.00803226937291516,-0.010723138583843266,0.0036662922366246806,0.004597966121370504,-0.0034952651879407207,0.0010114177503526651,-0.0002993438450596079,0.0012812798251075636,0.0015692445237473905,-0.07670230708202493,-0.025586878046060284,0.03694811885876455,-0.00321432893935855,-0.008493170393792115,0.0006909324925972505,0.0042036033401540275,0.009617476754537616,0.001114844237744657,-0.0018447457489731752,0.002012703694007607,0.0034522504792875706,0.0003145325082170535,-0.003632808310405305,-0.005194201641127252,0.0002894538708403324,0.004165305303714075,-0.0011325740404085926,-0.0041474997932035036,-0.0013692837592545943,0.07050349701087683,1858.8303620103777,2098.0837886408017,22.339199756681328,13.066160854819904,18.217632132362056,16.618143976631433,18.27184773260345,21.9544092553067,52.86428867946864,3371.7971616872596,-0.025590764334686884,-0.02282299705431684,-0.01587165578585189,0.007394856398688679,-0.00881667766590722,-0.014655708030946887,0
0.061179249689630615,0.41283296213780996,0.36544418891843133,0.3491286656451095,0.3859507543437785,0.4443291147298826,0.4644802627893768,0.4350277299031995,0.41414212096036856,0.4165085352757647,0.42041313935658675,0.43390800258107737,0.45758233867698594,-385.3980355278194,132.1676240327237,2.8110252459093927,24.256305876873903,5.741245187136522,5.714980782793281,-11.223484908363943,-5.9394685028215095,-6.570613452601549,-9.70847692134661,-5.293603928724455,-8.071316069448581,-11.124491488503304,-7.924595274195539,-4.268134670623536,-4.017830402382883,2.1757484280442156,-3.0255248252104074,-3.0840645719178728,-2.430190204597108,0.024392325702592546,0.005911761008540186,-0.004634034425151727,0.00876334405764494,0.0017849643451802347,-0.0014063560375416294,-0.003292701603823179,-0.0009593705971097689,-0.0008091355910875,-0.001558955768166368,-0.0009942175378361779,-0.0013444512720487882,-0.0008546142928018038,-0.0025289033576442756,-0.0009189228798648189,0.0014264474892143704,-0.0008283638976002801,-0.002283288845706526,0.00020571149364940084,0.00011382203740303138,-0.025708261357898794,-0.010653881531101965,0.0019092436953804534,-0.006424551771542074,0.003695295106004622,0.0026507636869336124,0.0010291227554503806,0.0012048939670774466,-0.0011728958392708871,0.0014145261870157039,0.000834401273145683,-0.0005354763463906174,-0.0020757887613021267,-0.0011850759627104323,-0.0006681312052488386,-0.00233878217573985,-0.00017925156698975642,0.002044811480593805,-0.0005482215255023124,0.00041015462475255744,0.0315308690358373,2384.5463525407145,2780.310569441308,19.30398951169691,12.2037930071211,15.856314794552802,16.50680240491143,16.708803882744093,21.530269756580925,54.596700626536,4750.620966763776,0.0017520825516666463,-0.008043958160195595,-0.038426787823269054,0.00884768421159068,-0.00833321462449514,0.00011253934535603938,0
0.05302568976022158,0.34653871537585157,0.3501314307956883,0.32698551868759723,0.2988018793016242,0.32736700712008854,0.420139998146627,0.48020802654728934,0.5036497907607237,0.4283633587452442,0.364588147922173,0.34923483380303016,0.3565883434649647,-366.7010565572263,133.6768179391158,-1.9667760404841368,18.72908816634626,4.143340766410446,-0.17855747394916754,-11.607630905715963,-12.268916340356963,-11.631883860912012,-9.783263304415549,-4.037087741377554,-16.184227558300396,-12.114916525311152,-3.176819141194648,-5.875034971786464,-5.3893372345367885,-0.493192409657347,-1.2323804492420165,-6.295010006058382,-8.263500128706301,0.052844733635821026,0.037463879440148964,-0.010069903231810985,-0.01107606520211766,0.0018972742198568608,0.005370018572910862,0.0021129755754831156,-0.003505487131951611,-0.005638390093360357,-0.0028231285431988863,0.00021430742847123457,0.0016328162213323696,0.0018611028008083813,-0.002383676046259914,-0.00663084877568271,-0.0012024203083830644,0.0032461191227761126,0.003152114199926722,0.005394662227799071,0.005031825412584973,-0.022252832163743498,-0.027184838238207262,-0.009206412636863087,0.006984338539538313,0.005553386913639734,-0.001556541234178475,-0.00273895954283499,-0.00199339511275353,-0.0021026661821621963,-0.0009728195015463307,6.3888854429206e-05,-0.0016507921595944504,0.001326646313096565,0.004374411582021802,0.005178473177796616,0.0021806802311442122,-0.007702001673210827,-0.010793331035631647,-0.0003772413197741381,0.004293574658744189,0.037083123117904584,2090.5795089503795,2416.1733179471616,19.71584890793427,13.976622272537249,17.342871875009358,17.06223662181131,17.300844423336294,22.556907829441812,54.11023729318061,3832.0605460693732,-0.000944579052470508,-0.017215639306005615,0.013561105301348811,-0.0781149183256802,-0.0073330110341521815,0.0012845723767067989,0
0.04738207241776872,0.35436081384696017,0.279943480619897,0.24532386777248083,0.25159763351558245,0.30489540487399536,0.3314047733018969,0.32915056866070996,0.37415245432166105,0.4349976431678989,0.45817363738373157,0.46067556233865325,0.40654557089429644,-327.73783995987856,139.25180884298956,-3.2458006838998306,22.30207728920971,-1.1867711605967193,-1.0744870012946692,-9.272946322840962,-12.673193910718677,-19.356933109672575,-9.552394268539091,-5.806069989007701,-10.136645128989601,-9.74876671737797,-1.1493547984592531,-1.9891953411141854,-13.712717772603394,-5.828401302725265,-2.35474359947102,-7.313309580020034,-6.159470377777434,0.006128605958801974,0.017429609105533875,0.00850514680113199,0.03072991653753252,0.003104157305453374,-0.0047318067380391505,-0.009012505068841551,-0.024075184148174784,0.01623754293959436,-0.007906910483493807,-0.010250474468684921,-0.010297587504708985,0.010341818466256779,-0.0023459985411239774,0.020420445952199138,0.009658787411212205,0.012011732133312615,-0.004587728479159846,-0.010818433614378838,-0.009383086108830941,-0.0942875660557034,-0.05493693913055654,0.01857899586675449,-0.002441239070567078,0.010937357738966206,-0.00946590885010538,-0.0050929839429353215,-0.01120892938463322,0.0016329543565886664,0.010537132514464679,-0.0022933415376015735,0.006314065423665718,-0.004443046395604572,0.0013071416714799024,0.006243720595998676,0.010304399013189214,-0.002178998920190655,0.003626115160714016,0.0027329468886791415,-0.01781931855359148,0.06047417879042853,2193.181845471486,2458.30591703609,19.5342899557814,14.346040408050921,17.205341332975884,17.488903505245215,17.975080765631642,22.50580414927194,53.792955605041485,4022.916655205141,-0.007763415998895186,-0.04697779073963773,0.010035620718596705,0.03348834306894971,-0.026682841252260323,-0.015792013888437293,0
0.05660997998706344,0.30265873685181593,0.32416579054864086,0.2634787197139158,0.3213233837948236,0.34417596741809275,0.3453916229063128,0.4000884131031049,0.4233038994587514,0.3924828817199709,0.36034320141347886,0.3823107629718074,0.34015719346710904,-318.233875962331,139.04591460722898,-8.746576337430106,17.97801781525913,-8.143374489270622,4.939251563987131,-28.335190906206478,-3.4072639866308325,-14.184769315123534,-20.791432278651126,-7.568951107788142,-5.674010737354945,-9.197812807731372,-9.881251374471859,-1.5479803164821746,-7.085770618183354,-1.7354678047867036,-7.031132808528343,-7.641174934832345,-5.568710720970975,0.04530155023287178,0.04126607314524141,-0.029779547067870865,-0.0022438603742974267,0.008798532676628702,0.014338900463917746,-0.0013505029023572635,-0.00821499684703244,0.007075181793197204,0.0016300127125310022,0.025601180500498363,-0.02976046878945924,-0.0036524839357063785,0.004272828910373009,0.004299807504772622,-0.015663361846070825,-0.02907159630844997,-0.003960243790168809,0.035999093838188216,0.006488465581672588,-0.0695427348345603,-0.07113583040835139,0.018025063706051184,0.020857125824655993,0.042142394084153975,-0.03336099643971463,0.02785229765538067,0.015408409805309914,0.01628163702556499,0.0015338572779818368,-0.012637763685884665,-0.01534427743150376,0.011088358351812787,-0.012355035777846576,0.017316273728994733,0.0009571725492112954,-0.014345765391926418,-0.018094252264638566,0.014636298704812187,-0.0360668000872489,0.07279804744445348,2546.154445154144,2513.0281741127706,19.76018168961127,14.758194070228326,17.60836283089428,17.423624754418455,18.699527763525577,27.328723399487778,54.745379135425075,4344.38633179016,-0.03671513640596355,-0.024127736265316536,0.008511153661931828,-0.06232958105428377,7.283321065838094e-05,0.007643542344320367,0
0.05597621447650816,0.3239810738487272,0.3289526008079738,0.28468731743890374,0.2570159280215195,0.2711671458133901,0.29694704230267427,0.39992510414683263,0.5232922056369746,0.5149952040644424,0.38014598533769295,0.36396217262802444,0.3301505377627399,-322.66326849806234,149.01078504982934,-2.0921861996481663,26.258819674077927,3.5432455001635965,-3.8829304108604257,-10.936669459223918,-16.96001477803442,-11.386091337434744,-6.196112628723171,-15.20355677385096,-14.83751745554442,-6.690307820877547,-8.031909140801975,-4.549607790308102,-6.73803239670114,-4.025987216130338,-0.3758561900898023,-3.109523511253702,-6.741973957122797,0.06955346716050745,0.014333774320211462,-0.04572340802843869,-0.015375870529192434,-0.00890539112939253,-0.006548814244795283,-0.006111097131510249,-0.0033015682921778045,-0.0029330611415325416,0.006320000739468555,-0.02142569624376795,0.01895866412668309,-0.00468165860983397,0.010711499140633816,-0.0047888635625141455,0.004275128927601724,-0.031220529698997305,-0.013088732129223572,-0.01541665503777657,0.004309763164486577,-0.08160338094348361,-0.018606947841923377,0.029785562558453018,0.005019179636122518,0.002810228354511864,-0.023801719371631485,-0.011175738720693438,-0.006177489505533136,0.01353105282092864,0.017523285887004195,-0.011927176378342239,0.004593205306649275,-0.006401054343432647,-0.0008259883697244964,-0.04449678913258259,0.025232011300643644,-0.02894843341742571,0.01047501102948278,0.028182324779284184,-0.008763929776523346,0.051475207880137396,1900.017026463479,2118.4766042006268,21.85316626432303,13.628332609288213,18.26950136005498,17.284359271726935,18.067128270362144,21.100637240132556,53.52256490364357,3369.607403671842,0.0013319828394110014,-0.04457840407046873,0.007900135213741409,-0.022138321351210515,0.019700702309530395,-0.01082694815997429,0
0.056971407438071976,0.2221643740411918,0.23407259169012967,0.22626389440488107,0.220984130070278,0.2360372783588699,0.37011232687667694,0.469494189993985,0.46964056341216076,0.35491549371096714,0.2668097083376032,0.21854124274681555,0.21725344321887846,-314.3706373635955,140.60516881348798,-12.630968841166524,20.46468330906305,0.44182509440856776,-4.75248345994542,-15.604971068496624,-24.18547279844986,-17.99604636618363,-12.89957590565514,-13.876586554020705,-11.80817041484071,-10.272190062200563,-6.580062892009364,-9.928211322020562,-11.171829351589142,-0.6431055622348305,-5.593180434658966,-8.79272783232264,-2.046358467679822,0.07064949065616273,0.02191214291552207,-0.02371159567496406,0.008978570253513181,0.005870889817693972,-0.006054092909182341,-0.014462207399687736,-0.021366286392407025,-0.0156480104736944,-0.007439287846124118,0.00463309830199683,-0.025019786361372115,-0.006628860713280971,0.016998344423849208,-0.013436157224329373,-0.01665761511730164,0.004676320147965335,-0.009856516055265808,0.004968293885480409,0.025239733611315422,-0.0961427423069168,-0.034336841703823805,0.0253237259597364,-0.011791024115105627,-0.005137185412935868,0.00047934837587247127,-0.0012740244443038354,0.0007497357951508944,0.001491272730080203,0.021935268265301556,-0.007782211676670854,-0.006126265734451324,0.017728142286641158,-0.015192101089056387,-0.003666489661094974,0.0022309707188413277,0.00708244126227146,-0.003530708281043134,0.010634874167258942,0.0012148485628253576,0.08707071380448905,2019.737450596077,2071.672600541304,20.519223945847983,16.7495573915455,19.647704945611295,18.15197841484325,18.760968256594236,21.46487521514072,53.90024244473873,3512.3756861216893,0.0019002219179821735,0.0008596377681457396,0.010467438757866546,-0.060387878981501095,0.0023824958176307826,0.01872490397461868,0
0.046539801058632285,0.304324710113353,0.35927150622737103,0.4668339811919968,0.46107440367384095,0.3855516096225343,0.3706531636170297,0.34760401004447544,0.29468418555698256,0.30974645521770244,0.36069842145284636,0.3524888483879004,0.33488514690354254,-325.3695107379074,137.11167571512755,10.908578928522656,44.356784957545614,5.510217513481398,-6.139241374605541,-9.166044828477851,-13.198635025426295,-18.273586566804035,-11.9173454415869,-0.018864157554934844,-5.435510682151087,-13.961152197419741,-15.369406561869692,-5.047684666569637,0.8630918845205374,-5.077823187300418,-7.633868171939723,-3.3064177951820706,-8.220008276075765,-0.01020122279708257,0.012333137693450975,0.00808890628101371,-0.010197053674324922,0.0035259814376722284,-0.0009840452085153125,-0.0038083242516019217,-0.0056722696741479135,-0.007578859153137993,8.654078169080591e-05,0.0027569704968668242,0.005228350269445611,0.0009267770956626849,-0.003342866826894985,-0.0018096104668524852,-0.0012618546564076235,0.0004986690521990624,-0.0017485276337798209,-0.0015394442887724186,-0.00184878509235387,-0.018753054480237997,-0.005934864533012358,0.007850405631775819,-0.006040973802528895,-0.005953833243988066,0.003291897032537829,0.00359583042361431,0.0032317727716334654,0.005764273709841481,0.004893947858499515,-0.000546770042699622,-0.00016607793605337987,0.0025472445559785073,-0.0023586831312242358,-0.006158843370066636,0.0016525101238059473,0.004580122172314571,0.0010944685758067204,-0.000405360975419489,0.0029223120888528654,0.08753691611408256,1874.8961140510155,2251.645567262999,24.484938730280152,15.165373781529905,17.89357580543347,19.062389818627004,19.708257457948957,20.193916354879235,54.42975712630573,3465.6336389360113,-0.0049641085051191965,-0.012338340945289189,-0.08909445844436845,-0.05621411870649586,-0.006861159263180298,-0.026994260344303148,0
0.053161734218282825,0.27201463589629593,0.27396931270773234,0.27526620925478484,0.23453315707419195,0.21179158954076965,0.2725016063065365,0.35562537574616865,0.4029449007140321,0.41438818799222366,0.40417989495651474,0.37007588917470385,0.31348408176646725,-337.9662493381775,128.95342655714268,-3.7816333508124225,13.595941324220385,11.170850445554398,0.144109666685327,-17.934460400377304,-21.68319341766259,-19.126524971996773,-11.666560423137478,-14.703244952350833,-11.721290384633264,-8.569536361838221,-10.203306812369423,-4.792567847481073,-5.434801469653214,-1.5156484791049905,0.7014669268924447,-3.312527034528956,-6.372080159970864,0.02805905355343146,0.006773715616629039,-0.00917071752950429,0.004289112898933021,0.0004976289809866027,0.001009946071947175,-0.003021166612014785,0.0026241713239443278,0.005119988689188781,0.0027750689074275622,0.0018212018481279391,0.0029600635719737433,-0.0019260039783372124,0.0029466618989295967,0.0026538897776345743,-0.0037404723373568316,0.0011161830284606156,0.006508683007115644,0.0030891536046311263,-0.001625260008353984,-0.0868529933447526,-0.04065715508116066,0.017966757359448644,-0.0023667111563970165,-0.004981267478992694,-0.001993644762345103,0.007664466014548255,0.004512551661348476,0.0052283342340535,0.01122683712947424,0.0015721140029874223,-0.000627944060226128,0.006927327402661686,0.003540356575587062,-0.002966303366261047,0.004686528199446115,0.0017024271818914527,0.0030887981003025673,-0.004391276467687116,-0.0007397759323324385,0.060237129422965316,2053.3331782410796,2379.070924362483,18.9451130465408,14.338922508994132,19.372022900202143,17.215926189658983,17.71041978354233,22.22705742868015,53.488857402448176,3738.191265070288,0.003384173045924258,-0.0054863235256056055,0.005117779087536994,-0.022878525478286782,-0.012882977554677162,-0.002709246143297494,0
0.05130603493628442,0.23997510394421934,0.22122421960356042,0.23736707950045965,0.23682947187924266,0.20393814041938382,0.23955435148142856,0.32195917974791893,0.44895587078528104,0.5584186543904796,0.4824789525800709,0.3549527707150257,0.28469591238447856,-336.5961867651177,132.6664833222742,-3.641273203925926,17.649524992898932,0.7194886855966391,0.4064848019462487,-11.532521704721006,-22.177924091830935,-15.399142619759669,-10.960375123460832,-15.636518895293715,-11.058384477874785,-9.320232341743491,-11.361363757736918,-4.340470907297233,-5.97438078842199,-3.409256760419103,0.10032763048893834,-2.6446466697830457,-5.520082162860462,0.029442282056545203,0.02243697057201853,0.004616025262008692,0.0049583146217315145,0.00968975850977196,0.007182466566066407,0.0006981029476595253,0.00801927050483031,0.007296097011979212,0.004079370969539179,0.005941292713675432,0.0002468292708563975,-0.0024590526276351533,0.0019141256370272149,0.0027294408805386165,-0.000900204641982957,-0.003393223949566945,0.00038042661482728165,0.0022137968304175052,-0.002247536600536796,-0.0854604569378545,-0.05581053521226385,-0.0015927278356908936,-0.006074043439928559,-0.000385328948594269,-0.0021264858253067153,0.0008169675765991313,0.003990829805747659,0.0033986049687379973,0.0026553555763457956,0.0005606837129571228,-0.0007010795022477173,0.005240070193162412,0.004168706427578143,-0.0011689881626145877,0.001656472026123889,0.0022383300977811787,0.0013614591089480864,-0.0006601191270137526,0.0006208541969280261,0.05471682823907722,2057.4013990098438,2391.684259995553,18.879129107542933,14.012508339082588,19.584988362985136,17.94872449310396,18.529914958476265,21.32878318583883,54.784705186193925,3767.0682988937906,-0.023466156305157027,-0.017507054747817205,0.018756700824941446,0.07159004851514764,-0.03421620680441248,-0.008804884985635327,0
0.07212827230469811,0.32084892877795584,0.28763822510643816,0.24655506996606963,0.24357762086137014,0.2649269958501069,0.2963806500508256,0.345646844437507,0.36892334290827977,0.36797637091127827,0.37228927922314986,0.3977110463427749,0.3788220582990912,-306.0770929521283,129.51352724849127,-8.629198338854525,17.716812703883175,-10.627712687723525,1.3336340208585664,-26.323116448155528,-7.995881064476752,-12.595186341739417,-22.264716974707895,-12.376836612851964,-4.940327822821843,-10.350704217011906,-11.149208307551786,-2.8367656672026547,-6.6901421187967856,-3.4107980063493812,-5.065547970851103,-5.543422671457131,-5.6924325504672115,0.06960232607398426,0.028531882796734468,-0.005972429116589603,0.004152142142983305,-0.0003178987594848648,-0.00039062402590909454,-0.015405676978294808,0.0012755051661294614,0.002607920113837995,-0.007173853672050003,-0.004661189292585341,0.0040117837188346425,0.004227771245742666,0.0011744558200522393,-0.0030544141539138427,-0.004486808993138867,-0.0016857403855111818,0.0018266871043150928,-0.0022165927859121807,-0.001937643495533773,-0.07712940489128498,-0.03693985141477946,0.003826494290402549,0.002026455963364291,0.002151697950605826,-0.0066784773785975304,0.010091585001772737,0.0046847323220609765,0.004496738541345668,0.003379161004727423,0.00437447099099684,-0.0017490434723520867,0.0018117101488550448,0.0015849088397832361,0.001311233803477195,0.00565355140974627,0.0005783153887044974,0.0034595381212921134,0.0024296800458383605,0.0037630595712463406,0.08425624983676218,2549.2066431634216,2519.9438445207734,17.79878641357777,15.227884647506357,19.05426089851093,18.07732156904166,19.14806849290743,26.534760270464787,55.16650256235454,4405.478576047524,-0.02267525343023694,-0.023753001647739424,-0.016164301689465144,-0.039957047987580256,-5.8872569465745136e-05,0.00799503972104605,0
0.06684519622543572,0.31095595092333495,0.40036391026666696,0.3363411242994898,0.26789417434374135,0.3566335814872143,0.4412686824128317,0.5240771232672389,0.42951227847304263,0.27171126011405616,0.25363497956897174,0.24590261396795376,0.24120195902918717,-346.1253674488011,138.97789143930683,0.3313895826142734,19.933368842915584,4.615164927425965,-10.12999733814847,-15.799506590182304,-9.20574156091854,-13.665917605345811,-10.877346791896304,-7.862499383716289,-3.5342363245796715,-4.396670752973083,-8.770335839397232,-0.41477685383188106,-3.9749232648098385,-2.2265375335443123,-4.082520161769452,-6.6351545160407746,-4.314825342410818,0.053816026385249884,0.027520658612748744,0.009203874865303935,-0.025236712840776235,0.00044893462474264635,0.03045241294864903,-0.029717457424113077,0.025004872549757376,-0.0005237848500024661,-0.0021213149937285344,0.035077914766507956,0.004821090100430345,0.021585969958247995,0.024659014265299286,-0.008518736293328418,-0.00022748309563074148,0.010352531555674173,0.013072804608511525,0.01716246409475174,-0.015951931017467398,-0.037341713938353074,-0.010085563407252788,0.030307201147102687,0.006988792075063941,0.04110688090545371,0.008636487687462767,0.0016810793179157012,-0.008633012991661422,0.010440860280077006,0.002567008043044303,0.029155247931749468,0.010371585976290695,-0.004471531753777087,-0.011107202111815992,-0.005634903300979285,-0.01903074536777832,-0.042959903498934,-0.029899031168621835,0.02313883772492956,-0.020973819127279778,0.05694231505568406,2041.8006695238994,2401.6036177820615,20.82707244314965,15.44662910315436,17.522550801396502,17.73608086260827,17.99871349903471,22.129085347681446,53.36395116305726,3872.989915193256,0.009845819624030083,-0.05935526381505772,-0.079409470480605,-0.061882249520879846,0.013008330912082137,0.030702237131742544,0
0.058173119047463084,0.2214389967566781,0.1950633847219919,0.19275048215127083,0.19216578740527818,0.2695203681592449,0.38845625998488575,0.5077453500421967,0.438929426922082,0.3580888126547612,0.23584287575904472,0.20217953879855088,0.2104312112527279,-307.4746514243485,139.989906880287,-16.895508673432612,20.617715751727868,2.408875556912953,-4.831017581906778,-16.362057975546325,-24.60443538078124,-16.557819829073665,-12.062916715389443,-14.970897608509425,-11.953399962978652,-10.887667675226357,-8.756498029063522,-10.729583272949387,-10.774580690386161,-0.6043891911040641,-4.204267544882882,-6.691729387071009,-1.393379110633668,0.06442842244694663,0.025546102874427996,-0.02953361760484007,0.027915253850813445,0.005973102163542045,-0.010382248268928895,-0.017265019473689577,0.017975543522743935,-0.006358648597108137,-0.006930391987600015,-0.0028649134946938624,0.009315482338104187,-0.005443843291286954,-0.03179197716316505,-0.01846810536270231,0.000537889370260248,-0.02172715018376193,-0.030827414095139623,-0.011605832632105087,0.03414826250094283,-0.0896451600061164,-0.032577099505194614,0.02139683637762212,0.006528254660245442,-0.003984603923979348,0.016660717743801845,-0.012164665039688622,-0.016216930829286956,-0.019302260920095834,-0.013611137491925938,-0.022258140204487267,-0.01741818942886489,-0.012070800683166107,-0.01898210679129722,0.01909324472662374,0.018185601848840514,0.033025256752678714,0.014483476583607685,-0.031808484817352344,-0.0139144700538899,0.09751553163323749,2030.6202584454827,2062.8458769917743,20.797578540053664,17.53285284387006,20.138169986844854,18.265672264052252,18.87530002580795,20.94434655844809,53.95956933930177,3548.064840592381,0.00410698305434124,0.023534103697709453,0.0015476644645510216,-0.05184344980655424,-0.0071263764852607025,0.02915309102000529,0
0.03551458693573096,0.3078170003875779,0.311950723695787,0.2946493623208044,0.2544151086455836,0.29642831203603515,0.3444357343614837,0.43060971816557636,0.4868436332173763,0.5042349786715707,0.41541496507859627,0.34001713577153697,0.35044935621361323,-359.4129946495553,134.15414427352485,-2.376395702812468,19.286894352655374,1.1030664088504847,0.13564547257330428,-10.205682803488184,-14.795529363370392,-11.708849200214294,-9.898794763596406,-6.989516834584904,-14.961349082063288,-11.70023678678455,-5.315064547771986,-5.458313321432239,-5.687169184078387,-1.541061225340165,-0.9756155372099201,-5.27784482580841,-7.50847240838075,0.04548232313906613,0.030125683243218265,-0.005995271086140131,-0.0026366224849098618,-0.003552757735712,-0.014175746555520749,0.01763091961809387,-0.006910465257436958,0.007766640089444111,0.010158129681428792,-0.00907054537734582,-0.0036820856763908616,0.004298292306696521,0.0012892805150313646,-0.021228036757554667,0.003612796706805322,0.0013556161792116859,-0.013579616493912195,0.009429226053225631,0.008521715193323513,-0.041809506881341565,-0.026914135238297447,0.012013639146902559,0.01319294443492305,0.02397714985919909,-0.02055418328428277,0.00026839895120018544,0.009939966387391662,0.021699400129166768,-0.0031117379103843866,-0.0082680242219711,-0.00539236615584298,0.012567223988965896,0.02058548427847308,-0.00018743525191117046,-0.021271469783779993,-0.023688726829135413,0.001569401688252533,0.0074626011697742625,0.005410725272378472,0.043931704639563134,2084.0675584813534,2413.083857694925,19.47658036386815,13.895024997209422,17.925954402458014,17.407404674868893,17.758641448897382,22.063520901589122,54.56280264046767,3821.8744658427026,0.0014316830830875503,-0.02443283970446862,0.028960195917723034,-0.02454601568694597,-0.013432157847931944,-0.015489768280970718,0
0.056633326858754766,0.32601050783181224,0.3144833980182478,0.2726907842258455,0.2693993092203527,0.30646195637558193,0.3868432754714647,0.4121372737654868,0.4678445112421517,0.43567042918423715,0.404363510341162,0.3783724167068049,0.3710475955778366,-361.8605642448348,132.99756229251238,-3.338399237397304,17.668073324235948,2.8809053138240004,-2.0269307165090096,-12.039383369239857,-9.944559150485418,-14.028144407259946,-11.72237031940122,-3.813627595797191,-12.598465345974045,-12.509072899786942,-2.7816905941278325,-3.9430532890690673,-8.742278451038935,-1.0394777361631975,-1.6332521128838113,-7.925962810374724,-8.17084938043059,0.055423095082298486,0.02443632835148803,-0.017945388088153325,0.006185937495954814,0.0071515182448836315,0.009589672994964252,0.0022320056792358408,-0.014721611759688651,-0.012949179562658472,-0.001029416909824128,0.002942479987367635,0.0014706134457609283,0.009280887053010528,-0.004184190236455125,0.01781912196466639,-0.014047870935323038,0.0015204898471441394,0.015887753753133085,-0.0006354419110981384,-0.0014918405568240846,-0.028435417327910696,-0.016806670176409768,0.012046326149950208,0.004322239966786041,0.0032546723088861884,-0.0025795636128875124,0.0020433545423654328,0.001992698947745541,-0.00812535036774352,-0.01006156950168122,0.00203352948759082,0.00552144311487859,0.0038885587127765187,-0.0018617103824750004,0.007370606618021043,0.004067575261740678,0.002541296056316828,-0.014188604913779377,0.005169677981744629,0.003534767305848306,0.052746174557039636,2141.791874085885,2441.4013579020143,18.746169261165374,14.530054850317928,17.599769922067107,17.104124025375448,17.536165032561268,23.60789872206216,54.042811597207354,3899.0856117703465,-0.007135988682142238,-0.022621253147940674,0.003811119033709204,-0.033053959499426216,-0.01851527016807201,-0.0036125945893713957,0
0.060114683752354514,0.3792952180042327,0.31976670723037925,0.269412824020804,0.3473101010177987,0.364825393262571,0.3192931161155899,0.30421598686037715,0.34899469343859846,0.3951221947940974,0.4444592642394884,0.43116070092158965,0.43572801260591926,-298.5833732623692,156.80592553274374,-9.555342132214168,21.592008136516142,11.471763726043026,-1.7040972420120972,-8.28268181197662,-6.788356494399542,-20.699342556059477,-22.02013289029885,-4.389206298189738,-10.384072065435875,-20.02789495171765,-13.28254762949219,-4.3207289485998075,-3.585377210446219,-9.00230455095306,-3.6934579167307797,1.9053644151388016,-5.934396664133834,0.09771460118346806,0.06374212500750785,-0.005465111010340826,0.0036839455816106564,-0.010859009296448388,0.009331850751470024,-0.009986621664640077,-0.009799672224298206,0.003974484396080947,-0.001106684382057339,-0.006254886779969686,-0.005298308287195463,-0.0015481741428543328,0.012425020986466431,0.005171060628648752,-0.015425650198672588,0.008593781395104737,0.031236158532721946,0.017242859975530225,0.0032205609186853655,-0.06977638665132262,-0.03239210681712901,0.019283896714075505,-0.03379866455246845,0.01334907967250476,-0.003670054787649525,0.014568186615679631,-0.010088202947224957,0.0351673701040337,-0.006818206707260535,-0.016749487251072576,0.0030673759527761304,-0.0156496837887134,-0.0001222081409219221,-0.0006544370263027737,-5.953792133690057e-05,-0.01613672631831845,-0.007210390140070827,-0.008813199590262638,-0.002817393106178947,0.09022190946991943,1846.2022899759086,2015.6017954599147,21.698584132625772,14.416874005842043,18.583788551844208,16.705934665794196,18.61608565743966,24.66629414160714,52.10585223458268,3440.8265694495544,-0.008593401830279901,-0.013205635903063357,0.033725999667159584,0.007661864131920791,0.01661575390122125,-0.033221188318657745,0
0.07123728920728375,0.37650218166817734,0.31876810399685196,0.2832998319269198,0.256215463728535,0.2971889896025509,0.38445862316919854,0.4487018496535287,0.48801827827820843,0.514147289408827,0.49873380953234836,0.5126936528310352,0.437401575988058,-333.67117795829114,131.67581080115664,-3.2228375510182747,34.14830213692896,-0.6014476789827654,3.6163435459084017,5.008503588400199,-10.989368620605507,-14.380341626586983,-2.634964914368247,-12.061080210747871,-10.699877286528157,-11.253975062757979,-9.05702592812632,-2.4926598899732944,-5.59818055440775,-6.855059512032951,-2.5259300122548947,1.9611306077128052,-3.821394107294041,0.0679188966559918,0.02826163534121975,-0.03246030960729154,0.01889074003139514,0.005036963445029663,0.015215839463677718,0.0052366474511476024,0.005711232733627579,-0.011554288959032419,0.0014997110496121346,-0.005562566400158755,0.010245259718000157,0.030614739329843148,0.012722442018390394,0.0011213481446108522,-0.007968105607851191,-0.02599097425179251,-0.01268901387004723,0.006318316677938339,0.011995851364172062,-0.11810800245968013,-0.03877614930138969,0.015127692922051357,-0.007727162377500152,0.017865693678454853,-0.013345472985862136,-0.0341684220362499,0.0027833315704320844,0.048424445052212384,0.031595168954722544,0.019760458979281602,-0.012803640077443864,0.006241147257691166,0.011730547057087367,0.009226236168444786,0.0003355907088076447,0.03978388057704689,0.037507236452673814,-0.006994880623861156,-0.021638914990626753,0.04879468018784963,2421.8306786642775,2599.698150229265,19.30035265520092,12.62745909461373,17.36362765601089,15.719089840655647,18.43931227865742,19.474439521228767,55.030433830145775,4541.852441528557,0.022274223053986252,0.005038565490822253,0.009065952995406374,-0.03401308216879807,-0.008964460044096467,0.008074397358955862,0
0.07000829397091034,0.43582337248317293,0.3946653076004865,0.38126105414247907,0.4364522956646694,0.4808945054631847,0.40867358913684176,0.3401856631575677,0.3477328596648694,0.44193228685723357,0.5431725424477195,0.5681613151106694,0.5253323004637629,-398.04355670799305,143.49901997282973,1.8373332120309251,24.958416076507593,4.690396256358845,17.43739231683896,-8.805293278264031,-5.806316310543485,-4.762452202265459,-6.6399754872918,-6.343433132654732,-8.955973877767578,-10.250000690513394,-12.009709218598863,-2.814092656880977,-1.66622187285835,-0.70181009455142,-2.3979757638622425,-4.626929101133891,-7.293819777331371,0.007017454084738096,-0.013726069564057577,-0.008285230053171633,0.007706325872849744,-0.0019445612255624962,-0.005466959770312754,-0.00036991639178114233,-0.0010427353589899928,-0.004862020154531548,-0.00044567841734474776,0.0030982394041545232,-0.0014323704636125074,-0.002350849122118887,-0.0032765507971419827,-0.004709371212468369,0.0022999302826959113,0.0063062753918939245,-0.003043152595109178,-0.006858829161623634,0.0008689348777028184,-0.06253549109706924,-0.025039788292288943,0.005578476566839084,-0.020530329791380374,0.006684116310623018,-0.0032140829045125864,-0.0019475448835044908,-0.0023235431923811843,-0.0019895071922442324,0.00024761323367532826,0.0015167185531645526,0.003278122445465405,0.0014248769649747636,-0.005842117011281121,0.0022489410902400853,-0.006486557726150231,0.005440459237327962,0.006981190846611794,0.0026735672252878756,-0.004697152513196187,0.024181178784247304,2354.610319915267,2803.4813914231795,18.292801152152897,10.79401462126337,14.843646627955929,16.107074994057058,16.89224803875956,20.684339549500994,54.8667037927383,4709.647999062109,-0.0012010863824289434,-0.014061462968993202,-0.0443284601627536,0.0030567272166003995,0.005057695841875858,0.0014649661095283224,0
